method,matrix_kind,from_state,to_state,count,probability,seed
Langevin,jump_step_phase,--,--,0.0,0.0,20260123
Langevin,jump_step_phase,--,-+,0.0,0.0,20260123
Langevin,jump_step_phase,--,+-,0.0,0.0,20260123
Langevin,jump_step_phase,--,++,0.0,0.0,20260123
Langevin,jump_step_phase,-+,--,0.0,0.0,20260123
Langevin,jump_step_phase,-+,-+,0.0,0.0,20260123
Langevin,jump_step_phase,-+,+-,0.0,0.0,20260123
Langevin,jump_step_phase,-+,++,0.0,0.0,20260123
Langevin,jump_step_phase,+-,--,0.0,0.0,20260123
Langevin,jump_step_phase,+-,-+,0.0,0.0,20260123
Langevin,jump_step_phase,+-,+-,0.0,0.0,20260123
Langevin,jump_step_phase,+-,++,0.0,0.0,20260123
Langevin,jump_step_phase,++,--,0.0,0.0,20260123
Langevin,jump_step_phase,++,-+,0.0,0.0,20260123
Langevin,jump_step_phase,++,+-,0.0,0.0,20260123
Langevin,jump_step_phase,++,++,0.0,0.0,20260123
Langevin,jump_step_phase,--,--,0.0,0.0,20261123
Langevin,jump_step_phase,--,-+,0.0,0.0,20261123
Langevin,jump_step_phase,--,+-,0.0,0.0,20261123
Langevin,jump_step_phase,--,++,0.0,0.0,20261123
Langevin,jump_step_phase,-+,--,0.0,0.0,20261123
Langevin,jump_step_phase,-+,-+,0.0,0.0,20261123
Langevin,jump_step_phase,-+,+-,0.0,0.0,20261123
Langevin,jump_step_phase,-+,++,0.0,0.0,20261123
Langevin,jump_step_phase,+-,--,0.0,0.0,20261123
Langevin,jump_step_phase,+-,-+,0.0,0.0,20261123
Langevin,jump_step_phase,+-,+-,0.0,0.0,20261123
Langevin,jump_step_phase,+-,++,0.0,0.0,20261123
Langevin,jump_step_phase,++,--,0.0,0.0,20261123
Langevin,jump_step_phase,++,-+,0.0,0.0,20261123
Langevin,jump_step_phase,++,+-,0.0,0.0,20261123
Langevin,jump_step_phase,++,++,0.0,0.0,20261123
Langevin,jump_step_phase,--,--,0.0,0.0,20262123
Langevin,jump_step_phase,--,-+,0.0,0.0,20262123
Langevin,jump_step_phase,--,+-,0.0,0.0,20262123
Langevin,jump_step_phase,--,++,0.0,0.0,20262123
Langevin,jump_step_phase,-+,--,0.0,0.0,20262123
Langevin,jump_step_phase,-+,-+,0.0,0.0,20262123
Langevin,jump_step_phase,-+,+-,0.0,0.0,20262123
Langevin,jump_step_phase,-+,++,0.0,0.0,20262123
Langevin,jump_step_phase,+-,--,0.0,0.0,20262123
Langevin,jump_step_phase,+-,-+,0.0,0.0,20262123
Langevin,jump_step_phase,+-,+-,0.0,0.0,20262123
Langevin,jump_step_phase,+-,++,0.0,0.0,20262123
Langevin,jump_step_phase,++,--,0.0,0.0,20262123
Langevin,jump_step_phase,++,-+,0.0,0.0,20262123
Langevin,jump_step_phase,++,+-,0.0,0.0,20262123
Langevin,jump_step_phase,++,++,0.0,0.0,20262123
LSC-MST-shell,jump_step_phase,--,--,994.0,0.5206914614981666,20260140
LSC-MST-shell,jump_step_phase,--,-+,613.0,0.321110529072813,20260140
LSC-MST-shell,jump_step_phase,--,+-,273.0,0.143006809848088,20260140
LSC-MST-shell,jump_step_phase,--,++,29.0,0.015191199580932426,20260140
LSC-MST-shell,jump_step_phase,-+,--,141.0,0.3373205741626794,20260140
LSC-MST-shell,jump_step_phase,-+,-+,145.0,0.34688995215311,20260140
LSC-MST-shell,jump_step_phase,-+,+-,3.0,0.007177033492822967,20260140
LSC-MST-shell,jump_step_phase,-+,++,129.0,0.30861244019138756,20260140
LSC-MST-shell,jump_step_phase,+-,--,43.0,0.19369369369369369,20260140
LSC-MST-shell,jump_step_phase,+-,-+,0.0,0.0,20260140
LSC-MST-shell,jump_step_phase,+-,+-,100.0,0.45045045045045046,20260140
LSC-MST-shell,jump_step_phase,+-,++,79.0,0.35585585585585583,20260140
LSC-MST-shell,jump_step_phase,++,--,84.0,0.07342657342657342,20260140
LSC-MST-shell,jump_step_phase,++,-+,202.0,0.17657342657342656,20260140
LSC-MST-shell,jump_step_phase,++,+-,283.0,0.24737762237762237,20260140
LSC-MST-shell,jump_step_phase,++,++,575.0,0.5026223776223776,20260140
LSC-MST-shell,jump_step_phase,--,--,953.0,0.5104445634708088,20261140
LSC-MST-shell,jump_step_phase,--,-+,596.0,0.31922870915907875,20261140
LSC-MST-shell,jump_step_phase,--,+-,281.0,0.15050883770755222,20261140
LSC-MST-shell,jump_step_phase,--,++,37.0,0.01981788966256026,20261140
LSC-MST-shell,jump_step_phase,-+,--,142.0,0.3219954648526077,20261140
LSC-MST-shell,jump_step_phase,-+,-+,172.0,0.3900226757369615,20261140
LSC-MST-shell,jump_step_phase,-+,+-,2.0,0.0045351473922902496,20261140
LSC-MST-shell,jump_step_phase,-+,++,125.0,0.2834467120181406,20261140
LSC-MST-shell,jump_step_phase,+-,--,50.0,0.20408163265306123,20261140
LSC-MST-shell,jump_step_phase,+-,-+,1.0,0.004081632653061225,20261140
LSC-MST-shell,jump_step_phase,+-,+-,111.0,0.4530612244897959,20261140
LSC-MST-shell,jump_step_phase,+-,++,83.0,0.33877551020408164,20261140
LSC-MST-shell,jump_step_phase,++,--,93.0,0.07711442786069651,20261140
LSC-MST-shell,jump_step_phase,++,-+,189.0,0.15671641791044777,20261140
LSC-MST-shell,jump_step_phase,++,+-,318.0,0.263681592039801,20261140
LSC-MST-shell,jump_step_phase,++,++,606.0,0.5024875621890548,20261140
LSC-MST-shell,jump_step_phase,--,--,910.0,0.49808429118773945,20262140
LSC-MST-shell,jump_step_phase,--,-+,582.0,0.3185550082101806,20262140
LSC-MST-shell,jump_step_phase,--,+-,309.0,0.16912972085385877,20262140
LSC-MST-shell,jump_step_phase,--,++,26.0,0.014230979748221127,20262140
LSC-MST-shell,jump_step_phase,-+,--,132.0,0.30484988452655887,20262140
LSC-MST-shell,jump_step_phase,-+,-+,168.0,0.38799076212471134,20262140
LSC-MST-shell,jump_step_phase,-+,+-,5.0,0.011547344110854504,20262140
LSC-MST-shell,jump_step_phase,-+,++,128.0,0.2956120092378753,20262140
LSC-MST-shell,jump_step_phase,+-,--,42.0,0.1700404858299595,20262140
LSC-MST-shell,jump_step_phase,+-,-+,0.0,0.0,20262140
LSC-MST-shell,jump_step_phase,+-,+-,124.0,0.5020242914979757,20262140
LSC-MST-shell,jump_step_phase,+-,++,81.0,0.32793522267206476,20262140
LSC-MST-shell,jump_step_phase,++,--,85.0,0.07112970711297072,20262140
LSC-MST-shell,jump_step_phase,++,-+,205.0,0.17154811715481172,20262140
LSC-MST-shell,jump_step_phase,++,+-,296.0,0.24769874476987447,20262140
LSC-MST-shell,jump_step_phase,++,++,609.0,0.5096234309623431,20262140
LSC-cycle-shell,jump_step_phase,--,--,429.0,0.3857913669064748,20260157
LSC-cycle-shell,jump_step_phase,--,-+,383.0,0.3444244604316547,20260157
LSC-cycle-shell,jump_step_phase,--,+-,149.0,0.13399280575539568,20260157
LSC-cycle-shell,jump_step_phase,--,++,151.0,0.1357913669064748,20260157
LSC-cycle-shell,jump_step_phase,-+,--,214.0,0.3689655172413793,20260157
LSC-cycle-shell,jump_step_phase,-+,-+,145.0,0.25,20260157
LSC-cycle-shell,jump_step_phase,-+,+-,79.0,0.13620689655172413,20260157
LSC-cycle-shell,jump_step_phase,-+,++,142.0,0.24482758620689654,20260157
LSC-cycle-shell,jump_step_phase,+-,--,68.0,0.10950080515297907,20260157
LSC-cycle-shell,jump_step_phase,+-,-+,71.0,0.1143317230273752,20260157
LSC-cycle-shell,jump_step_phase,+-,+-,251.0,0.40418679549114334,20260157
LSC-cycle-shell,jump_step_phase,+-,++,231.0,0.3719806763285024,20260157
LSC-cycle-shell,jump_step_phase,++,--,245.0,0.16990291262135923,20260157
LSC-cycle-shell,jump_step_phase,++,-+,185.0,0.12829403606102635,20260157
LSC-cycle-shell,jump_step_phase,++,+-,474.0,0.3287101248266297,20260157
LSC-cycle-shell,jump_step_phase,++,++,538.0,0.37309292649098474,20260157
LSC-cycle-shell,jump_step_phase,--,--,424.0,0.38686131386861317,20261157
LSC-cycle-shell,jump_step_phase,--,-+,386.0,0.3521897810218978,20261157
LSC-cycle-shell,jump_step_phase,--,+-,131.0,0.11952554744525548,20261157
LSC-cycle-shell,jump_step_phase,--,++,155.0,0.14142335766423358,20261157
LSC-cycle-shell,jump_step_phase,-+,--,224.0,0.367816091954023,20261157
LSC-cycle-shell,jump_step_phase,-+,-+,176.0,0.2889983579638752,20261157
LSC-cycle-shell,jump_step_phase,-+,+-,76.0,0.12479474548440066,20261157
LSC-cycle-shell,jump_step_phase,-+,++,133.0,0.21839080459770116,20261157
LSC-cycle-shell,jump_step_phase,+-,--,66.0,0.11558669001751314,20261157
LSC-cycle-shell,jump_step_phase,+-,-+,60.0,0.10507880910683012,20261157
LSC-cycle-shell,jump_step_phase,+-,+-,224.0,0.3922942206654991,20261157
LSC-cycle-shell,jump_step_phase,+-,++,221.0,0.38704028021015763,20261157
LSC-cycle-shell,jump_step_phase,++,--,263.0,0.18508092892329345,20261157
LSC-cycle-shell,jump_step_phase,++,-+,201.0,0.1414496833216045,20261157
LSC-cycle-shell,jump_step_phase,++,+-,441.0,0.3103448275862069,20261157
LSC-cycle-shell,jump_step_phase,++,++,516.0,0.36312456016889516,20261157
LSC-cycle-shell,jump_step_phase,--,--,393.0,0.36422613531047265,20262157
LSC-cycle-shell,jump_step_phase,--,-+,391.0,0.3623725671918443,20262157
LSC-cycle-shell,jump_step_phase,--,+-,133.0,0.12326227988878591,20262157
LSC-cycle-shell,jump_step_phase,--,++,162.0,0.15013901760889714,20262157
LSC-cycle-shell,jump_step_phase,-+,--,221.0,0.387719298245614,20262157
LSC-cycle-shell,jump_step_phase,-+,-+,154.0,0.27017543859649124,20262157
LSC-cycle-shell,jump_step_phase,-+,+-,78.0,0.1368421052631579,20262157
LSC-cycle-shell,jump_step_phase,-+,++,117.0,0.20526315789473684,20262157
LSC-cycle-shell,jump_step_phase,+-,--,70.0,0.11551155115511551,20262157
LSC-cycle-shell,jump_step_phase,+-,-+,58.0,0.09570957095709572,20262157
LSC-cycle-shell,jump_step_phase,+-,+-,233.0,0.3844884488448845,20262157
LSC-cycle-shell,jump_step_phase,+-,++,245.0,0.4042904290429043,20262157
LSC-cycle-shell,jump_step_phase,++,--,302.0,0.2002652519893899,20262157
LSC-cycle-shell,jump_step_phase,++,-+,176.0,0.11671087533156499,20262157
LSC-cycle-shell,jump_step_phase,++,+-,461.0,0.3057029177718833,20262157
LSC-cycle-shell,jump_step_phase,++,++,569.0,0.3773209549071618,20262157
LSC-5-shell,jump_step_phase,--,--,396.0,0.3844660194174757,20260174
LSC-5-shell,jump_step_phase,--,-+,288.0,0.2796116504854369,20260174
LSC-5-shell,jump_step_phase,--,+-,212.0,0.2058252427184466,20260174
LSC-5-shell,jump_step_phase,--,++,134.0,0.13009708737864079,20260174
LSC-5-shell,jump_step_phase,-+,--,111.0,0.31444759206798867,20260174
LSC-5-shell,jump_step_phase,-+,-+,126.0,0.35694050991501414,20260174
LSC-5-shell,jump_step_phase,-+,+-,34.0,0.09631728045325778,20260174
LSC-5-shell,jump_step_phase,-+,++,82.0,0.23229461756373937,20260174
LSC-5-shell,jump_step_phase,+-,--,121.0,0.1873065015479876,20260174
LSC-5-shell,jump_step_phase,+-,-+,68.0,0.10526315789473684,20260174
LSC-5-shell,jump_step_phase,+-,+-,239.0,0.369969040247678,20260174
LSC-5-shell,jump_step_phase,+-,++,218.0,0.33746130030959753,20260174
LSC-5-shell,jump_step_phase,++,--,254.0,0.14949970570924073,20260174
LSC-5-shell,jump_step_phase,++,-+,329.0,0.19364331959976458,20260174
LSC-5-shell,jump_step_phase,++,+-,446.0,0.2625073572689818,20260174
LSC-5-shell,jump_step_phase,++,++,670.0,0.39434961742201297,20260174
LSC-5-shell,jump_step_phase,--,--,421.0,0.404418828049952,20261174
LSC-5-shell,jump_step_phase,--,-+,294.0,0.2824207492795389,20261174
LSC-5-shell,jump_step_phase,--,+-,206.0,0.1978866474543708,20261174
LSC-5-shell,jump_step_phase,--,++,120.0,0.11527377521613832,20261174
LSC-5-shell,jump_step_phase,-+,--,102.0,0.28651685393258425,20261174
LSC-5-shell,jump_step_phase,-+,-+,102.0,0.28651685393258425,20261174
LSC-5-shell,jump_step_phase,-+,+-,38.0,0.10674157303370786,20261174
LSC-5-shell,jump_step_phase,-+,++,114.0,0.3202247191011236,20261174
LSC-5-shell,jump_step_phase,+-,--,120.0,0.18461538461538463,20261174
LSC-5-shell,jump_step_phase,+-,-+,56.0,0.08615384615384615,20261174
LSC-5-shell,jump_step_phase,+-,+-,257.0,0.3953846153846154,20261174
LSC-5-shell,jump_step_phase,+-,++,217.0,0.33384615384615385,20261174
LSC-5-shell,jump_step_phase,++,--,230.0,0.133954571927781,20261174
LSC-5-shell,jump_step_phase,++,-+,373.0,0.2172393709959231,20261174
LSC-5-shell,jump_step_phase,++,+-,438.0,0.25509609784507864,20261174
LSC-5-shell,jump_step_phase,++,++,676.0,0.39370995923121727,20261174
LSC-5-shell,jump_step_phase,--,--,402.0,0.41020408163265304,20262174
LSC-5-shell,jump_step_phase,--,-+,255.0,0.2602040816326531,20262174
LSC-5-shell,jump_step_phase,--,+-,188.0,0.19183673469387755,20262174
LSC-5-shell,jump_step_phase,--,++,135.0,0.1377551020408163,20262174
LSC-5-shell,jump_step_phase,-+,--,90.0,0.28662420382165604,20262174
LSC-5-shell,jump_step_phase,-+,-+,92.0,0.2929936305732484,20262174
LSC-5-shell,jump_step_phase,-+,+-,34.0,0.10828025477707007,20262174
LSC-5-shell,jump_step_phase,-+,++,98.0,0.31210191082802546,20262174
LSC-5-shell,jump_step_phase,+-,--,128.0,0.20031298904538342,20262174
LSC-5-shell,jump_step_phase,+-,-+,68.0,0.10641627543035993,20262174
LSC-5-shell,jump_step_phase,+-,+-,259.0,0.405320813771518,20262174
LSC-5-shell,jump_step_phase,+-,++,184.0,0.28794992175273865,20262174
LSC-5-shell,jump_step_phase,++,--,228.0,0.13726670680313063,20262174
LSC-5-shell,jump_step_phase,++,-+,360.0,0.21673690547862734,20262174
LSC-5-shell,jump_step_phase,++,+-,423.0,0.2546658639373871,20262174
LSC-5-shell,jump_step_phase,++,++,650.0,0.3913305237808549,20262174
LSC-complete-shell,jump_step_phase,--,--,456.0,0.41605839416058393,20260191
LSC-complete-shell,jump_step_phase,--,-+,272.0,0.24817518248175183,20260191
LSC-complete-shell,jump_step_phase,--,+-,253.0,0.23083941605839417,20260191
LSC-complete-shell,jump_step_phase,--,++,115.0,0.10492700729927007,20260191
LSC-complete-shell,jump_step_phase,-+,--,78.0,0.2422360248447205,20260191
LSC-complete-shell,jump_step_phase,-+,-+,107.0,0.33229813664596275,20260191
LSC-complete-shell,jump_step_phase,-+,+-,29.0,0.09006211180124224,20260191
LSC-complete-shell,jump_step_phase,-+,++,108.0,0.33540372670807456,20260191
LSC-complete-shell,jump_step_phase,+-,--,132.0,0.21674876847290642,20260191
LSC-complete-shell,jump_step_phase,+-,-+,42.0,0.06896551724137931,20260191
LSC-complete-shell,jump_step_phase,+-,+-,266.0,0.4367816091954023,20260191
LSC-complete-shell,jump_step_phase,+-,++,169.0,0.277504105090312,20260191
LSC-complete-shell,jump_step_phase,++,--,178.0,0.10768300060496068,20260191
LSC-complete-shell,jump_step_phase,++,-+,438.0,0.26497277676951,20260191
LSC-complete-shell,jump_step_phase,++,+-,351.0,0.21234119782214156,20260191
LSC-complete-shell,jump_step_phase,++,++,686.0,0.4150030248033878,20260191
LSC-complete-shell,jump_step_phase,--,--,500.0,0.4340277777777778,20261191
LSC-complete-shell,jump_step_phase,--,-+,261.0,0.2265625,20261191
LSC-complete-shell,jump_step_phase,--,+-,271.0,0.23524305555555555,20261191
LSC-complete-shell,jump_step_phase,--,++,120.0,0.10416666666666667,20261191
LSC-complete-shell,jump_step_phase,-+,--,61.0,0.21403508771929824,20261191
LSC-complete-shell,jump_step_phase,-+,-+,92.0,0.32280701754385965,20261191
LSC-complete-shell,jump_step_phase,-+,+-,27.0,0.09473684210526316,20261191
LSC-complete-shell,jump_step_phase,-+,++,105.0,0.3684210526315789,20261191
LSC-complete-shell,jump_step_phase,+-,--,161.0,0.2413793103448276,20261191
LSC-complete-shell,jump_step_phase,+-,-+,52.0,0.07796101949025487,20261191
LSC-complete-shell,jump_step_phase,+-,+-,270.0,0.4047976011994003,20261191
LSC-complete-shell,jump_step_phase,+-,++,184.0,0.27586206896551724,20261191
LSC-complete-shell,jump_step_phase,++,--,198.0,0.1209529627367135,20261191
LSC-complete-shell,jump_step_phase,++,-+,376.0,0.2296884544899206,20261191
LSC-complete-shell,jump_step_phase,++,+-,354.0,0.21624923640806354,20261191
LSC-complete-shell,jump_step_phase,++,++,709.0,0.4331093463653024,20261191
LSC-complete-shell,jump_step_phase,--,--,474.0,0.42021276595744683,20262191
LSC-complete-shell,jump_step_phase,--,-+,261.0,0.23138297872340424,20262191
LSC-complete-shell,jump_step_phase,--,+-,278.0,0.24645390070921985,20262191
LSC-complete-shell,jump_step_phase,--,++,115.0,0.10195035460992907,20262191
LSC-complete-shell,jump_step_phase,-+,--,85.0,0.28619528619528617,20262191
LSC-complete-shell,jump_step_phase,-+,-+,92.0,0.30976430976430974,20262191
LSC-complete-shell,jump_step_phase,-+,+-,36.0,0.12121212121212122,20262191
LSC-complete-shell,jump_step_phase,-+,++,84.0,0.2828282828282828,20262191
LSC-complete-shell,jump_step_phase,+-,--,141.0,0.2020057306590258,20262191
LSC-complete-shell,jump_step_phase,+-,-+,51.0,0.07306590257879657,20262191
LSC-complete-shell,jump_step_phase,+-,+-,318.0,0.45558739255014324,20262191
LSC-complete-shell,jump_step_phase,+-,++,188.0,0.2693409742120344,20262191
LSC-complete-shell,jump_step_phase,++,--,179.0,0.10995085995085994,20262191
LSC-complete-shell,jump_step_phase,++,-+,401.0,0.2463144963144963,20262191
LSC-complete-shell,jump_step_phase,++,+-,375.0,0.23034398034398035,20262191
LSC-complete-shell,jump_step_phase,++,++,673.0,0.4133906633906634,20262191
