epsilon,replicate,metric,bias_floor_value,N_particles,KDE_bandwidth
0.35,0,truncated_KDE_chi2,0.00390950748466975,2400,0.0673939291753364
0.35,0,well_TV,0.0050000000000001155,2400,0.0673939291753364
0.35,0,W1,0.020834310408660885,2400,0.0673939291753364
0.35,0,CDF_sup,0.016097881032224537,2400,0.0673939291753364
0.35,1,truncated_KDE_chi2,0.0064478675479067386,2400,0.0673939291753364
0.35,1,well_TV,0.019583333333333452,2400,0.0673939291753364
0.35,1,W1,0.02852981893861315,2400,0.0673939291753364
0.35,1,CDF_sup,0.024264663059064218,2400,0.0673939291753364
0.35,2,truncated_KDE_chi2,0.0037595423462135685,2400,0.0673939291753364
0.35,2,well_TV,0.0016666666666665941,2400,0.0673939291753364
0.35,2,W1,0.008290455572306912,2400,0.0673939291753364
0.35,2,CDF_sup,0.010630841137069996,2400,0.0673939291753364
0.35,3,truncated_KDE_chi2,0.0051033113292626095,2400,0.0673939291753364
0.35,3,well_TV,0.0029166666666665675,2400,0.0673939291753364
0.35,3,W1,0.012727253896742605,2400,0.0673939291753364
0.35,3,CDF_sup,0.009661154478649597,2400,0.0673939291753364
0.35,4,truncated_KDE_chi2,0.0036473704126320427,2400,0.0673939291753364
0.35,4,well_TV,0.009166666666666545,2400,0.0673939291753364
0.35,4,W1,0.014013813426851426,2400,0.0673939291753364
0.35,4,CDF_sup,0.011472012817044464,2400,0.0673939291753364
0.35,5,truncated_KDE_chi2,0.007601910021307483,2400,0.0673939291753364
0.35,5,well_TV,0.011250000000000093,2400,0.0673939291753364
0.35,5,W1,0.019894652866220594,2400,0.0673939291753364
0.35,5,CDF_sup,0.015322271573734336,2400,0.0673939291753364
0.35,6,truncated_KDE_chi2,0.0034391044151519004,2400,0.0673939291753364
0.35,6,well_TV,0.016666666666666607,2400,0.0673939291753364
0.35,6,W1,0.029825966372921717,2400,0.0673939291753364
0.35,6,CDF_sup,0.017547113003328674,2400,0.0673939291753364
0.35,7,truncated_KDE_chi2,0.0051992269957930205,2400,0.0673939291753364
0.35,7,well_TV,0.007083333333333441,2400,0.0673939291753364
0.35,7,W1,0.011374926392796188,2400,0.0673939291753364
0.35,7,CDF_sup,0.012162052457554334,2400,0.0673939291753364
0.35,8,truncated_KDE_chi2,0.005754286187747673,2400,0.0673939291753364
0.35,8,well_TV,0.011666666666666603,2400,0.0673939291753364
0.35,8,W1,0.01809928089867115,2400,0.0673939291753364
0.35,8,CDF_sup,0.01667594599885197,2400,0.0673939291753364
0.35,9,truncated_KDE_chi2,0.004279253262676492,2400,0.0673939291753364
0.35,9,well_TV,0.0183333333333332,2400,0.0673939291753364
0.35,9,W1,0.05155262744479744,2400,0.0673939291753364
0.35,9,CDF_sup,0.02954592929953659,2400,0.0673939291753364
0.35,10,truncated_KDE_chi2,0.009057869994123592,2400,0.0673939291753364
0.35,10,well_TV,0.017500000000000127,2400,0.0673939291753364
0.35,10,W1,0.051634850777433954,2400,0.0673939291753364
0.35,10,CDF_sup,0.028847996392397546,2400,0.0673939291753364
0.35,11,truncated_KDE_chi2,0.004230495471500194,2400,0.0673939291753364
0.35,11,well_TV,0.007083333333333441,2400,0.0673939291753364
0.35,11,W1,0.02152779199493241,2400,0.0673939291753364
0.35,11,CDF_sup,0.013376337283114353,2400,0.0673939291753364
0.35,12,truncated_KDE_chi2,0.006035977725861733,2400,0.0673939291753364
0.35,12,well_TV,0.0050000000000001155,2400,0.0673939291753364
0.35,12,W1,0.014476660651604549,2400,0.0673939291753364
0.35,12,CDF_sup,0.013795938191405899,2400,0.0673939291753364
0.35,13,truncated_KDE_chi2,0.008146886883413917,2400,0.0673939291753364
0.35,13,well_TV,0.011666666666666603,2400,0.0673939291753364
0.35,13,W1,0.029696039506372177,2400,0.0673939291753364
0.35,13,CDF_sup,0.02688867948371121,2400,0.0673939291753364
0.35,14,truncated_KDE_chi2,0.0020605670176155866,2400,0.0673939291753364
0.35,14,well_TV,0.0037500000000000866,2400,0.0673939291753364
0.35,14,W1,0.012985283996807581,2400,0.0673939291753364
0.35,14,CDF_sup,0.010022535633572693,2400,0.0673939291753364
0.35,15,truncated_KDE_chi2,0.004076915077201208,2400,0.0673939291753364
0.35,15,well_TV,0.0012499999999998623,2400,0.0673939291753364
0.35,15,W1,0.011969276259529564,2400,0.0673939291753364
0.35,15,CDF_sup,0.012873662716886392,2400,0.0673939291753364
0.35,16,truncated_KDE_chi2,0.004768472582052476,2400,0.0673939291753364
0.35,16,well_TV,0.00041666666666650976,2400,0.0673939291753364
0.35,16,W1,0.014994946832249008,2400,0.0673939291753364
0.35,16,CDF_sup,0.014436078606147984,2400,0.0673939291753364
0.35,17,truncated_KDE_chi2,0.0073874852864342835,2400,0.0673939291753364
0.35,17,well_TV,0.011249999999999871,2400,0.0673939291753364
0.35,17,W1,0.02985519602116936,2400,0.0673939291753364
0.35,17,CDF_sup,0.02432846820709189,2400,0.0673939291753364
0.35,18,truncated_KDE_chi2,0.004530850991776695,2400,0.0673939291753364
0.35,18,well_TV,0.012916666666666576,2400,0.0673939291753364
0.35,18,W1,0.026343430855796365,2400,0.0673939291753364
0.35,18,CDF_sup,0.01899633985891036,2400,0.0673939291753364
0.35,19,truncated_KDE_chi2,0.006247039527323639,2400,0.0673939291753364
0.35,19,well_TV,0.0012499999999998623,2400,0.0673939291753364
0.35,19,W1,0.010907778332315802,2400,0.0673939291753364
0.35,19,CDF_sup,0.013695954426566681,2400,0.0673939291753364
0.35,20,truncated_KDE_chi2,0.0043214040852223926,2400,0.0673939291753364
0.35,20,well_TV,0.00374999999999992,2400,0.0673939291753364
0.35,20,W1,0.012031817733860639,2400,0.0673939291753364
0.35,20,CDF_sup,0.01726045214197222,2400,0.0673939291753364
0.35,21,truncated_KDE_chi2,0.0062905793769411945,2400,0.0673939291753364
0.35,21,well_TV,0.022083333333333233,2400,0.0673939291753364
0.35,21,W1,0.04921017436635722,2400,0.0673939291753364
0.35,21,CDF_sup,0.03319903399810531,2400,0.0673939291753364
0.35,22,truncated_KDE_chi2,0.004130254826958365,2400,0.0673939291753364
0.35,22,well_TV,0.012499999999999845,2400,0.0673939291753364
0.35,22,W1,0.02856676023668116,2400,0.0673939291753364
0.35,22,CDF_sup,0.02174448781198296,2400,0.0673939291753364
0.35,23,truncated_KDE_chi2,0.004706464367799241,2400,0.0673939291753364
0.35,23,well_TV,0.009166666666666767,2400,0.0673939291753364
0.35,23,W1,0.01357197490765532,2400,0.0673939291753364
0.35,23,CDF_sup,0.011532367331439142,2400,0.0673939291753364
0.3,0,truncated_KDE_chi2,0.0068974277638330535,2400,0.06458314992431465
0.3,0,well_TV,0.0037500000000000866,2400,0.06458314992431465
0.3,0,W1,0.028051185400389346,2400,0.06458314992431465
0.3,0,CDF_sup,0.019496827850185472,2400,0.06458314992431465
0.3,1,truncated_KDE_chi2,0.004343599730117235,2400,0.06458314992431465
0.3,1,well_TV,0.0037500000000000866,2400,0.06458314992431465
0.3,1,W1,0.01882431536500042,2400,0.06458314992431465
0.3,1,CDF_sup,0.020994967186548363,2400,0.06458314992431465
0.3,2,truncated_KDE_chi2,0.0030570141630209607,2400,0.06458314992431465
0.3,2,well_TV,0.006250000000000089,2400,0.06458314992431465
0.3,2,W1,0.011434370053923927,2400,0.06458314992431465
0.3,2,CDF_sup,0.012451851408080361,2400,0.06458314992431465
0.3,3,truncated_KDE_chi2,0.00444088075164964,2400,0.06458314992431465
0.3,3,well_TV,0.009166666666666545,2400,0.06458314992431465
0.3,3,W1,0.015797048275196672,2400,0.06458314992431465
0.3,3,CDF_sup,0.01268266096643722,2400,0.06458314992431465
0.3,4,truncated_KDE_chi2,0.003717891628085028,2400,0.06458314992431465
0.3,4,well_TV,0.0016666666666667607,2400,0.06458314992431465
0.3,4,W1,0.01496871460417915,2400,0.06458314992431465
0.3,4,CDF_sup,0.011648341961813857,2400,0.06458314992431465
0.3,5,truncated_KDE_chi2,0.007224257211926841,2400,0.06458314992431465
0.3,5,well_TV,0.02250000000000013,2400,0.06458314992431465
0.3,5,W1,0.035503390769277915,2400,0.06458314992431465
0.3,5,CDF_sup,0.026492079689104275,2400,0.06458314992431465
0.3,6,truncated_KDE_chi2,0.007400205407941021,2400,0.06458314992431465
0.3,6,well_TV,0.01749999999999985,2400,0.06458314992431465
0.3,6,W1,0.026637738783695568,2400,0.06458314992431465
0.3,6,CDF_sup,0.018204576426824493,2400,0.06458314992431465
0.3,7,truncated_KDE_chi2,0.005054059259738574,2400,0.06458314992431465
0.3,7,well_TV,0.0008333333333334636,2400,0.06458314992431465
0.3,7,W1,0.013762986434894552,2400,0.06458314992431465
0.3,7,CDF_sup,0.014249634310009252,2400,0.06458314992431465
0.3,8,truncated_KDE_chi2,0.0027563067124816223,2400,0.06458314992431465
0.3,8,well_TV,0.002083333333333215,2400,0.06458314992431465
0.3,8,W1,0.008694985881446946,2400,0.06458314992431465
0.3,8,CDF_sup,0.009836950948062806,2400,0.06458314992431465
0.3,9,truncated_KDE_chi2,0.006248207715416402,2400,0.06458314992431465
0.3,9,well_TV,0.011249999999999871,2400,0.06458314992431465
0.3,9,W1,0.02865808185425974,2400,0.06458314992431465
0.3,9,CDF_sup,0.021589176305319646,2400,0.06458314992431465
0.3,10,truncated_KDE_chi2,0.005559157020938356,2400,0.06458314992431465
0.3,10,well_TV,0.018333333333333424,2400,0.06458314992431465
0.3,10,W1,0.03363851353686301,2400,0.06458314992431465
0.3,10,CDF_sup,0.025471646558766825,2400,0.06458314992431465
0.3,11,truncated_KDE_chi2,0.004469661771512387,2400,0.06458314992431465
0.3,11,well_TV,0.00374999999999992,2400,0.06458314992431465
0.3,11,W1,0.01764829891198451,2400,0.06458314992431465
0.3,11,CDF_sup,0.015086505483147855,2400,0.06458314992431465
0.3,12,truncated_KDE_chi2,0.004053896431708592,2400,0.06458314992431465
0.3,12,well_TV,0.0012499999999998623,2400,0.06458314992431465
0.3,12,W1,0.008655106864544498,2400,0.06458314992431465
0.3,12,CDF_sup,0.008157818497104397,2400,0.06458314992431465
0.3,13,truncated_KDE_chi2,0.003837819257031014,2400,0.06458314992431465
0.3,13,well_TV,0.019166666666666554,2400,0.06458314992431465
0.3,13,W1,0.03230051645575792,2400,0.06458314992431465
0.3,13,CDF_sup,0.022137375696534622,2400,0.06458314992431465
0.3,14,truncated_KDE_chi2,0.00425157325259401,2400,0.06458314992431465
0.3,14,well_TV,0.0029166666666665675,2400,0.06458314992431465
0.3,14,W1,0.014878767569582299,2400,0.06458314992431465
0.3,14,CDF_sup,0.010191709445857566,2400,0.06458314992431465
0.3,15,truncated_KDE_chi2,0.003497682438300935,2400,0.06458314992431465
0.3,15,well_TV,0.0025000000000001132,2400,0.06458314992431465
0.3,15,W1,0.011162023500542965,2400,0.06458314992431465
0.3,15,CDF_sup,0.01182192526939363,2400,0.06458314992431465
0.3,16,truncated_KDE_chi2,0.004817279529664311,2400,0.06458314992431465
0.3,16,well_TV,0.00833333333333347,2400,0.06458314992431465
0.3,16,W1,0.014299315876482938,2400,0.06458314992431465
0.3,16,CDF_sup,0.014369705303206914,2400,0.06458314992431465
0.3,17,truncated_KDE_chi2,0.009542905376178534,2400,0.06458314992431465
0.3,17,well_TV,0.023333333333333428,2400,0.06458314992431465
0.3,17,W1,0.04649523214115652,2400,0.06458314992431465
0.3,17,CDF_sup,0.029005032813451986,2400,0.06458314992431465
0.3,18,truncated_KDE_chi2,0.002811094029885824,2400,0.06458314992431465
0.3,18,well_TV,0.003333333333333466,2400,0.06458314992431465
0.3,18,W1,0.008151634578990282,2400,0.06458314992431465
0.3,18,CDF_sup,0.00972072581089034,2400,0.06458314992431465
0.3,19,truncated_KDE_chi2,0.007053104250878961,2400,0.06458314992431465
0.3,19,well_TV,0.012083333333333446,2400,0.06458314992431465
0.3,19,W1,0.029158880855619445,2400,0.06458314992431465
0.3,19,CDF_sup,0.021710467326529814,2400,0.06458314992431465
0.3,20,truncated_KDE_chi2,0.008993653925850522,2400,0.06458314992431465
0.3,20,well_TV,0.017083333333333228,2400,0.06458314992431465
0.3,20,W1,0.04725815339356147,2400,0.06458314992431465
0.3,20,CDF_sup,0.02717821043162083,2400,0.06458314992431465
0.3,21,truncated_KDE_chi2,0.004049219708272961,2400,0.06458314992431465
0.3,21,well_TV,0.005416666666666514,2400,0.06458314992431465
0.3,21,W1,0.01706487306342467,2400,0.06458314992431465
0.3,21,CDF_sup,0.016834900195021263,2400,0.06458314992431465
0.3,22,truncated_KDE_chi2,0.0035623886555262822,2400,0.06458314992431465
0.3,22,well_TV,0.0016666666666667607,2400,0.06458314992431465
0.3,22,W1,0.01032920533279395,2400,0.06458314992431465
0.3,22,CDF_sup,0.008908739413041572,2400,0.06458314992431465
0.3,23,truncated_KDE_chi2,0.004554913763977351,2400,0.06458314992431465
0.3,23,well_TV,0.008333333333333193,2400,0.06458314992431465
0.3,23,W1,0.01906346309674798,2400,0.06458314992431465
0.3,23,CDF_sup,0.015091165963593056,2400,0.06458314992431465
0.26,0,truncated_KDE_chi2,0.006308821800156842,2400,0.06129791897257511
0.26,0,well_TV,0.009999999999999898,2400,0.06129791897257511
0.26,0,W1,0.019483513086423515,2400,0.06129791897257511
0.26,0,CDF_sup,0.016940354034447824,2400,0.06129791897257511
0.26,1,truncated_KDE_chi2,0.00673936922205389,2400,0.06129791897257511
0.26,1,well_TV,0.004999999999999893,2400,0.06129791897257511
0.26,1,W1,0.023711530605256853,2400,0.06129791897257511
0.26,1,CDF_sup,0.02110730039305808,2400,0.06129791897257511
0.26,2,truncated_KDE_chi2,0.0072985984983193145,2400,0.06129791897257511
0.26,2,well_TV,0.010416666666666519,2400,0.06129791897257511
0.26,2,W1,0.028900720613284706,2400,0.06129791897257511
0.26,2,CDF_sup,0.026682645747551637,2400,0.06129791897257511
0.26,3,truncated_KDE_chi2,0.004611648598980669,2400,0.06129791897257511
0.26,3,well_TV,0.0016666666666665941,2400,0.06129791897257511
0.26,3,W1,0.011497574116713084,2400,0.06129791897257511
0.26,3,CDF_sup,0.01496468761039138,2400,0.06129791897257511
0.26,4,truncated_KDE_chi2,0.0032082864407149336,2400,0.06129791897257511
0.26,4,well_TV,0.009999999999999898,2400,0.06129791897257511
0.26,4,W1,0.024144949529809293,2400,0.06129791897257511
0.26,4,CDF_sup,0.017087346901394185,2400,0.06129791897257511
0.26,5,truncated_KDE_chi2,0.005720274261607555,2400,0.06129791897257511
0.26,5,well_TV,0.006666666666666765,2400,0.06129791897257511
0.26,5,W1,0.016865309126873836,2400,0.06129791897257511
0.26,5,CDF_sup,0.016578188335348742,2400,0.06129791897257511
0.26,6,truncated_KDE_chi2,0.006810850898710858,2400,0.06129791897257511
0.26,6,well_TV,0.022083333333333233,2400,0.06129791897257511
0.26,6,W1,0.027113441677943426,2400,0.06129791897257511
0.26,6,CDF_sup,0.02307783754817605,2400,0.06129791897257511
0.26,7,truncated_KDE_chi2,0.004745338198800154,2400,0.06129791897257511
0.26,7,well_TV,0.0037500000000000866,2400,0.06129791897257511
0.26,7,W1,0.015116869813808283,2400,0.06129791897257511
0.26,7,CDF_sup,0.01324454753110138,2400,0.06129791897257511
0.26,8,truncated_KDE_chi2,0.006258386811232487,2400,0.06129791897257511
0.26,8,well_TV,0.017916666666666803,2400,0.06129791897257511
0.26,8,W1,0.021870519263960123,2400,0.06129791897257511
0.26,8,CDF_sup,0.0190766883037789,2400,0.06129791897257511
0.26,9,truncated_KDE_chi2,0.004787366695399153,2400,0.06129791897257511
0.26,9,well_TV,0.005833333333333246,2400,0.06129791897257511
0.26,9,W1,0.023883919103362135,2400,0.06129791897257511
0.26,9,CDF_sup,0.017132458374859105,2400,0.06129791897257511
0.26,10,truncated_KDE_chi2,0.0070810618788398755,2400,0.06129791897257511
0.26,10,well_TV,0.007083333333333219,2400,0.06129791897257511
0.26,10,W1,0.026808560148017906,2400,0.06129791897257511
0.26,10,CDF_sup,0.019497787078043727,2400,0.06129791897257511
0.26,11,truncated_KDE_chi2,0.003356264270477195,2400,0.06129791897257511
0.26,11,well_TV,0.00749999999999984,2400,0.06129791897257511
0.26,11,W1,0.023355504519244435,2400,0.06129791897257511
0.26,11,CDF_sup,0.015463563278355408,2400,0.06129791897257511
0.26,12,truncated_KDE_chi2,0.0069014609381210295,2400,0.06129791897257511
0.26,12,well_TV,0.013749999999999929,2400,0.06129791897257511
0.26,12,W1,0.03078641042157398,2400,0.06129791897257511
0.26,12,CDF_sup,0.026241141841963023,2400,0.06129791897257511
0.26,13,truncated_KDE_chi2,0.004498891080136066,2400,0.06129791897257511
0.26,13,well_TV,0.008749999999999925,2400,0.06129791897257511
0.26,13,W1,0.01533828262518306,2400,0.06129791897257511
0.26,13,CDF_sup,0.01225170381931201,2400,0.06129791897257511
0.26,14,truncated_KDE_chi2,0.0058727698055781805,2400,0.06129791897257511
0.26,14,well_TV,0.01583333333333342,2400,0.06129791897257511
0.26,14,W1,0.023749025483181682,2400,0.06129791897257511
0.26,14,CDF_sup,0.019845786483627725,2400,0.06129791897257511
0.26,15,truncated_KDE_chi2,0.005480774630761061,2400,0.06129791897257511
0.26,15,well_TV,0.0029166666666667895,2400,0.06129791897257511
0.26,15,W1,0.011092257401571028,2400,0.06129791897257511
0.26,15,CDF_sup,0.013759506708102553,2400,0.06129791897257511
0.26,16,truncated_KDE_chi2,0.0034511208192835457,2400,0.06129791897257511
0.26,16,well_TV,0.005416666666666514,2400,0.06129791897257511
0.26,16,W1,0.017717936703099423,2400,0.06129791897257511
0.26,16,CDF_sup,0.014275567773763875,2400,0.06129791897257511
0.26,17,truncated_KDE_chi2,0.004441755555819118,2400,0.06129791897257511
0.26,17,well_TV,0.0004166666666667873,2400,0.06129791897257511
0.26,17,W1,0.011817643360009344,2400,0.06129791897257511
0.26,17,CDF_sup,0.010932869439545134,2400,0.06129791897257511
0.26,18,truncated_KDE_chi2,0.008234248473466738,2400,0.06129791897257511
0.26,18,well_TV,0.02250000000000013,2400,0.06129791897257511
0.26,18,W1,0.03558221773714877,2400,0.06129791897257511
0.26,18,CDF_sup,0.028559584306058206,2400,0.06129791897257511
0.26,19,truncated_KDE_chi2,0.007326238613420158,2400,0.06129791897257511
0.26,19,well_TV,0.005416666666666792,2400,0.06129791897257511
0.26,19,W1,0.016126945227666462,2400,0.06129791897257511
0.26,19,CDF_sup,0.01661754162514062,2400,0.06129791897257511
0.26,20,truncated_KDE_chi2,0.005066562937081126,2400,0.06129791897257511
0.26,20,well_TV,0.0037500000000000866,2400,0.06129791897257511
0.26,20,W1,0.01435434256423273,2400,0.06129791897257511
0.26,20,CDF_sup,0.014175299837489552,2400,0.06129791897257511
0.26,21,truncated_KDE_chi2,0.0024256465186655515,2400,0.06129791897257511
0.26,21,well_TV,0.0025000000000001132,2400,0.06129791897257511
0.26,21,W1,0.007519493923855673,2400,0.06129791897257511
0.26,21,CDF_sup,0.008787665575908987,2400,0.06129791897257511
0.26,22,truncated_KDE_chi2,0.003938301517245373,2400,0.06129791897257511
0.26,22,well_TV,0.004583333333333439,2400,0.06129791897257511
0.26,22,W1,0.012406203188658958,2400,0.06129791897257511
0.26,22,CDF_sup,0.010786434914721033,2400,0.06129791897257511
0.26,23,truncated_KDE_chi2,0.004096944520529792,2400,0.06129791897257511
0.26,23,well_TV,0.004166666666666763,2400,0.06129791897257511
0.26,23,W1,0.0102365378414779,2400,0.06129791897257511
0.26,23,CDF_sup,0.011130453105109184,2400,0.06129791897257511
0.22,0,truncated_KDE_chi2,0.005522193341936453,2400,0.05753211211048985
0.22,0,well_TV,0.005416666666666792,2400,0.05753211211048985
0.22,0,W1,0.01381798012047026,2400,0.05753211211048985
0.22,0,CDF_sup,0.011972580435770985,2400,0.05753211211048985
0.22,1,truncated_KDE_chi2,0.0052333088224059705,2400,0.05753211211048985
0.22,1,well_TV,0.01333333333333342,2400,0.05753211211048985
0.22,1,W1,0.029667453190255072,2400,0.05753211211048985
0.22,1,CDF_sup,0.021940166273099915,2400,0.05753211211048985
0.22,2,truncated_KDE_chi2,0.005706810083603856,2400,0.05753211211048985
0.22,2,well_TV,0.014583333333333448,2400,0.05753211211048985
0.22,2,W1,0.03558421685921847,2400,0.05753211211048985
0.22,2,CDF_sup,0.024771053612706262,2400,0.05753211211048985
0.22,3,truncated_KDE_chi2,0.00842003403304032,2400,0.05753211211048985
0.22,3,well_TV,0.004999999999999893,2400,0.05753211211048985
0.22,3,W1,0.013151662030278309,2400,0.05753211211048985
0.22,3,CDF_sup,0.017817470394959622,2400,0.05753211211048985
0.22,4,truncated_KDE_chi2,0.0052876671650056275,2400,0.05753211211048985
0.22,4,well_TV,0.0012499999999998623,2400,0.05753211211048985
0.22,4,W1,0.010314657745714622,2400,0.05753211211048985
0.22,4,CDF_sup,0.013682519110339353,2400,0.05753211211048985
0.22,5,truncated_KDE_chi2,0.0042448492158567545,2400,0.05753211211048985
0.22,5,well_TV,0.009583333333333444,2400,0.05753211211048985
0.22,5,W1,0.016312238624383454,2400,0.05753211211048985
0.22,5,CDF_sup,0.012707236675138511,2400,0.05753211211048985
0.22,6,truncated_KDE_chi2,0.004067821720022633,2400,0.05753211211048985
0.22,6,well_TV,0.011249999999999871,2400,0.05753211211048985
0.22,6,W1,0.026903571168966633,2400,0.05753211211048985
0.22,6,CDF_sup,0.02337519782349562,2400,0.05753211211048985
0.22,7,truncated_KDE_chi2,0.0040288396463271925,2400,0.05753211211048985
0.22,7,well_TV,0.008333333333333193,2400,0.05753211211048985
0.22,7,W1,0.02171374190168708,2400,0.05753211211048985
0.22,7,CDF_sup,0.018497417423426032,2400,0.05753211211048985
0.22,8,truncated_KDE_chi2,0.004759181663522245,2400,0.05753211211048985
0.22,8,well_TV,0.006250000000000089,2400,0.05753211211048985
0.22,8,W1,0.01755933605620543,2400,0.05753211211048985
0.22,8,CDF_sup,0.018656498283728506,2400,0.05753211211048985
0.22,9,truncated_KDE_chi2,0.00313097074755638,2400,0.05753211211048985
0.22,9,well_TV,0.005833333333333246,2400,0.05753211211048985
0.22,9,W1,0.010771740862101593,2400,0.05753211211048985
0.22,9,CDF_sup,0.010043858370718695,2400,0.05753211211048985
0.22,10,truncated_KDE_chi2,0.006951314824366204,2400,0.05753211211048985
0.22,10,well_TV,0.007083333333333219,2400,0.05753211211048985
0.22,10,W1,0.023947636118065413,2400,0.05753211211048985
0.22,10,CDF_sup,0.02005028896075145,2400,0.05753211211048985
0.22,11,truncated_KDE_chi2,0.009547046121851678,2400,0.05753211211048985
0.22,11,well_TV,0.009166666666666767,2400,0.05753211211048985
0.22,11,W1,0.023667933037366966,2400,0.05753211211048985
0.22,11,CDF_sup,0.020112398019863975,2400,0.05753211211048985
0.22,12,truncated_KDE_chi2,0.005996330562504594,2400,0.05753211211048985
0.22,12,well_TV,0.0024999999999998357,2400,0.05753211211048985
0.22,12,W1,0.00872966755321685,2400,0.05753211211048985
0.22,12,CDF_sup,0.010938278889807251,2400,0.05753211211048985
0.22,13,truncated_KDE_chi2,0.006000167723656429,2400,0.05753211211048985
0.22,13,well_TV,0.015416666666666523,2400,0.05753211211048985
0.22,13,W1,0.02409180306421517,2400,0.05753211211048985
0.22,13,CDF_sup,0.02160843518753669,2400,0.05753211211048985
0.22,14,truncated_KDE_chi2,0.003962981937562959,2400,0.05753211211048985
0.22,14,well_TV,0.0016666666666665941,2400,0.05753211211048985
0.22,14,W1,0.01219972758697117,2400,0.05753211211048985
0.22,14,CDF_sup,0.015599603085353131,2400,0.05753211211048985
0.22,15,truncated_KDE_chi2,0.006754913981958925,2400,0.05753211211048985
0.22,15,well_TV,0.00041666666666650976,2400,0.05753211211048985
0.22,15,W1,0.011970165491675174,2400,0.05753211211048985
0.22,15,CDF_sup,0.01646745050326537,2400,0.05753211211048985
0.22,16,truncated_KDE_chi2,0.005906591759204455,2400,0.05753211211048985
0.22,16,well_TV,0.016666666666666607,2400,0.05753211211048985
0.22,16,W1,0.029290040012177505,2400,0.05753211211048985
0.22,16,CDF_sup,0.021562496973080103,2400,0.05753211211048985
0.22,17,truncated_KDE_chi2,0.004053049970894096,2400,0.05753211211048985
0.22,17,well_TV,0.010416666666666519,2400,0.05753211211048985
0.22,17,W1,0.019913478514874704,2400,0.05753211211048985
0.22,17,CDF_sup,0.017594747164884877,2400,0.05753211211048985
0.22,18,truncated_KDE_chi2,0.003351131635178961,2400,0.05753211211048985
0.22,18,well_TV,0.0004166666666667873,2400,0.05753211211048985
0.22,18,W1,0.008558555399317389,2400,0.05753211211048985
0.22,18,CDF_sup,0.008531626245492974,2400,0.05753211211048985
0.22,19,truncated_KDE_chi2,0.008485189910704622,2400,0.05753211211048985
0.22,19,well_TV,0.0012499999999998623,2400,0.05753211211048985
0.22,19,W1,0.020494597488131455,2400,0.05753211211048985
0.22,19,CDF_sup,0.01623571502956389,2400,0.05753211211048985
0.22,20,truncated_KDE_chi2,0.005986685179202405,2400,0.05753211211048985
0.22,20,well_TV,0.0016666666666667607,2400,0.05753211211048985
0.22,20,W1,0.01358294249424084,2400,0.05753211211048985
0.22,20,CDF_sup,0.012431471853177806,2400,0.05753211211048985
0.22,21,truncated_KDE_chi2,0.005601472939089644,2400,0.05753211211048985
0.22,21,well_TV,0.01083333333333325,2400,0.05753211211048985
0.22,21,W1,0.01856304840963555,2400,0.05753211211048985
0.22,21,CDF_sup,0.015455264458607343,2400,0.05753211211048985
0.22,22,truncated_KDE_chi2,0.004640506273028406,2400,0.05753211211048985
0.22,22,well_TV,0.0016666666666665941,2400,0.05753211211048985
0.22,22,W1,0.009621694848265338,2400,0.05753211211048985
0.22,22,CDF_sup,0.009834391865098269,2400,0.05753211211048985
0.22,23,truncated_KDE_chi2,0.003022887465654554,2400,0.05753211211048985
0.22,23,well_TV,0.0024999999999998357,2400,0.05753211211048985
0.22,23,W1,0.009774665624990313,2400,0.05753211211048985
0.22,23,CDF_sup,0.00800086820417778,2400,0.05753211211048985
0.2,0,truncated_KDE_chi2,0.006022969563631912,2400,0.05549484612906062
0.2,0,well_TV,0.020416666666666528,2400,0.05549484612906062
0.2,0,W1,0.03059554659217235,2400,0.05549484612906062
0.2,0,CDF_sup,0.024451340574860647,2400,0.05549484612906062
0.2,1,truncated_KDE_chi2,0.006918007487636847,2400,0.05549484612906062
0.2,1,well_TV,0.009999999999999898,2400,0.05549484612906062
0.2,1,W1,0.030180949499097352,2400,0.05549484612906062
0.2,1,CDF_sup,0.021130738738142807,2400,0.05549484612906062
0.2,2,truncated_KDE_chi2,0.004544097451585907,2400,0.05549484612906062
0.2,2,well_TV,0.00041666666666650976,2400,0.05549484612906062
0.2,2,W1,0.009479163818137832,2400,0.05549484612906062
0.2,2,CDF_sup,0.013841842752091549,2400,0.05549484612906062
0.2,3,truncated_KDE_chi2,0.005161287988774327,2400,0.05549484612906062
0.2,3,well_TV,0.0025000000000001132,2400,0.05549484612906062
0.2,3,W1,0.01814761855471244,2400,0.05549484612906062
0.2,3,CDF_sup,0.01994109809236244,2400,0.05549484612906062
0.2,4,truncated_KDE_chi2,0.004240852895390715,2400,0.05549484612906062
0.2,4,well_TV,0.018333333333333424,2400,0.05549484612906062
0.2,4,W1,0.0356200474786785,2400,0.05549484612906062
0.2,4,CDF_sup,0.0229800826684462,2400,0.05549484612906062
0.2,5,truncated_KDE_chi2,0.008393846803692862,2400,0.05549484612906062
0.2,5,well_TV,0.013750000000000095,2400,0.05549484612906062
0.2,5,W1,0.03506569697871022,2400,0.05549484612906062
0.2,5,CDF_sup,0.026956319124864098,2400,0.05549484612906062
0.2,6,truncated_KDE_chi2,0.0050097500575443325,2400,0.05549484612906062
0.2,6,well_TV,0.011249999999999871,2400,0.05549484612906062
0.2,6,W1,0.022670730184503336,2400,0.05549484612906062
0.2,6,CDF_sup,0.017925951943277285,2400,0.05549484612906062
0.2,7,truncated_KDE_chi2,0.006414826499829414,2400,0.05549484612906062
0.2,7,well_TV,0.004583333333333439,2400,0.05549484612906062
0.2,7,W1,0.010534718281284366,2400,0.05549484612906062
0.2,7,CDF_sup,0.009074823914574037,2400,0.05549484612906062
0.2,8,truncated_KDE_chi2,0.0040570512494876605,2400,0.05549484612906062
0.2,8,well_TV,0.010416666666666796,2400,0.05549484612906062
0.2,8,W1,0.011472406919279834,2400,0.05549484612906062
0.2,8,CDF_sup,0.010653437681605649,2400,0.05549484612906062
0.2,9,truncated_KDE_chi2,0.007400163317619465,2400,0.05549484612906062
0.2,9,well_TV,0.003333333333333466,2400,0.05549484612906062
0.2,9,W1,0.017032601366652026,2400,0.05549484612906062
0.2,9,CDF_sup,0.018324543486785805,2400,0.05549484612906062
0.2,10,truncated_KDE_chi2,0.005218833997351622,2400,0.05549484612906062
0.2,10,well_TV,0.01708333333333345,2400,0.05549484612906062
0.2,10,W1,0.03631930883521729,2400,0.05549484612906062
0.2,10,CDF_sup,0.023167567671228517,2400,0.05549484612906062
0.2,11,truncated_KDE_chi2,0.0034040649828203763,2400,0.05549484612906062
0.2,11,well_TV,0.011250000000000093,2400,0.05549484612906062
0.2,11,W1,0.01577332370453983,2400,0.05549484612906062
0.2,11,CDF_sup,0.014400055776996046,2400,0.05549484612906062
0.2,12,truncated_KDE_chi2,0.003542565811926875,2400,0.05549484612906062
0.2,12,well_TV,0.0024999999999998357,2400,0.05549484612906062
0.2,12,W1,0.011581438066423965,2400,0.05549484612906062
0.2,12,CDF_sup,0.008990118638115774,2400,0.05549484612906062
0.2,13,truncated_KDE_chi2,0.009419742095467603,2400,0.05549484612906062
0.2,13,well_TV,0.007083333333333219,2400,0.05549484612906062
0.2,13,W1,0.021467753938652946,2400,0.05549484612906062
0.2,13,CDF_sup,0.02679537278224886,2400,0.05549484612906062
0.2,14,truncated_KDE_chi2,0.007533745955102915,2400,0.05549484612906062
0.2,14,well_TV,0.0016666666666665941,2400,0.05549484612906062
0.2,14,W1,0.010015215785375741,2400,0.05549484612906062
0.2,14,CDF_sup,0.014582274505182458,2400,0.05549484612906062
0.2,15,truncated_KDE_chi2,0.005500367744041842,2400,0.05549484612906062
0.2,15,well_TV,1.1102230246251565e-16,2400,0.05549484612906062
0.2,15,W1,0.010088291069029746,2400,0.05549484612906062
0.2,15,CDF_sup,0.012693702347913671,2400,0.05549484612906062
0.2,16,truncated_KDE_chi2,0.009038913529091157,2400,0.05549484612906062
0.2,16,well_TV,0.00833333333333347,2400,0.05549484612906062
0.2,16,W1,0.02246083739458543,2400,0.05549484612906062
0.2,16,CDF_sup,0.015508509418759253,2400,0.05549484612906062
0.2,17,truncated_KDE_chi2,0.007065275447676514,2400,0.05549484612906062
0.2,17,well_TV,0.013750000000000095,2400,0.05549484612906062
0.2,17,W1,0.038092181827018005,2400,0.05549484612906062
0.2,17,CDF_sup,0.02223641435129109,2400,0.05549484612906062
0.2,18,truncated_KDE_chi2,0.004468492802623181,2400,0.05549484612906062
0.2,18,well_TV,0.0025000000000001132,2400,0.05549484612906062
0.2,18,W1,0.010794394111731161,2400,0.05549484612906062
0.2,18,CDF_sup,0.01159510472710329,2400,0.05549484612906062
0.2,19,truncated_KDE_chi2,0.004634834655391265,2400,0.05549484612906062
0.2,19,well_TV,0.017916666666666803,2400,0.05549484612906062
0.2,19,W1,0.03250329616349289,2400,0.05549484612906062
0.2,19,CDF_sup,0.021525359843460545,2400,0.05549484612906062
0.2,20,truncated_KDE_chi2,0.0044578017044681565,2400,0.05549484612906062
0.2,20,well_TV,0.01083333333333325,2400,0.05549484612906062
0.2,20,W1,0.013900921561926299,2400,0.05549484612906062
0.2,20,CDF_sup,0.011433992171017981,2400,0.05549484612906062
0.2,21,truncated_KDE_chi2,0.004140824380209971,2400,0.05549484612906062
0.2,21,well_TV,0.0004166666666667873,2400,0.05549484612906062
0.2,21,W1,0.011718327862592607,2400,0.05549484612906062
0.2,21,CDF_sup,0.011181453225579785,2400,0.05549484612906062
0.2,22,truncated_KDE_chi2,0.007587566007825317,2400,0.05549484612906062
0.2,22,well_TV,0.009166666666666767,2400,0.05549484612906062
0.2,22,W1,0.016745131619389203,2400,0.05549484612906062
0.2,22,CDF_sup,0.016699736123591324,2400,0.05549484612906062
0.2,23,truncated_KDE_chi2,0.008581435038869073,2400,0.05549484612906062
0.2,23,well_TV,0.023333333333333428,2400,0.05549484612906062
0.2,23,W1,0.03618899500275652,2400,0.05549484612906062
0.2,23,CDF_sup,0.02463737114202752,2400,0.05549484612906062
0.18,0,truncated_KDE_chi2,0.004163726685507397,2400,0.052923376610435065
0.18,0,well_TV,0.004999999999999782,2400,0.052923376610435065
0.18,0,W1,0.014418848609977764,2400,0.052923376610435065
0.18,0,CDF_sup,0.013230098711994459,2400,0.052923376610435065
0.18,1,truncated_KDE_chi2,0.004843864602812664,2400,0.052923376610435065
0.18,1,well_TV,0.005833333333333135,2400,0.052923376610435065
0.18,1,W1,0.01860136251720617,2400,0.052923376610435065
0.18,1,CDF_sup,0.019868118480917463,2400,0.052923376610435065
0.18,2,truncated_KDE_chi2,0.005531956240612628,2400,0.052923376610435065
0.18,2,well_TV,0.013750000000000207,2400,0.052923376610435065
0.18,2,W1,0.02401793125607693,2400,0.052923376610435065
0.18,2,CDF_sup,0.02036173626825466,2400,0.052923376610435065
0.18,3,truncated_KDE_chi2,0.00606287911394161,2400,0.052923376610435065
0.18,3,well_TV,0.0024999999999997247,2400,0.052923376610435065
0.18,3,W1,0.014679346576193016,2400,0.052923376610435065
0.18,3,CDF_sup,0.012693990433457203,2400,0.052923376610435065
0.18,4,truncated_KDE_chi2,0.00780736420188167,2400,0.052923376610435065
0.18,4,well_TV,0.021250000000000213,2400,0.052923376610435065
0.18,4,W1,0.031964107072202055,2400,0.052923376610435065
0.18,4,CDF_sup,0.02219189408350486,2400,0.052923376610435065
0.18,5,truncated_KDE_chi2,0.003521374013345644,2400,0.052923376610435065
0.18,5,well_TV,0.003749999999999809,2400,0.052923376610435065
0.18,5,W1,0.01125037563313271,2400,0.052923376610435065
0.18,5,CDF_sup,0.009600579567116324,2400,0.052923376610435065
0.18,6,truncated_KDE_chi2,0.006598948329192376,2400,0.052923376610435065
0.18,6,well_TV,0.0008333333333335746,2400,0.052923376610435065
0.18,6,W1,0.013523028234316116,2400,0.052923376610435065
0.18,6,CDF_sup,0.017414868087596347,2400,0.052923376610435065
0.18,7,truncated_KDE_chi2,0.009375870006678652,2400,0.052923376610435065
0.18,7,well_TV,0.011250000000000204,2400,0.052923376610435065
0.18,7,W1,0.027461128572738254,2400,0.052923376610435065
0.18,7,CDF_sup,0.025455150588583775,2400,0.052923376610435065
0.18,8,truncated_KDE_chi2,0.004250411536072593,2400,0.052923376610435065
0.18,8,well_TV,0.009583333333333166,2400,0.052923376610435065
0.18,8,W1,0.024217483975964002,2400,0.052923376610435065
0.18,8,CDF_sup,0.017042453007706182,2400,0.052923376610435065
0.18,9,truncated_KDE_chi2,0.0037465654943897916,2400,0.052923376610435065
0.18,9,well_TV,0.011666666666666492,2400,0.052923376610435065
0.18,9,W1,0.020395466526629404,2400,0.052923376610435065
0.18,9,CDF_sup,0.01831561421292155,2400,0.052923376610435065
0.18,10,truncated_KDE_chi2,0.007339676594562326,2400,0.052923376610435065
0.18,10,well_TV,0.005416666666666403,2400,0.052923376610435065
0.18,10,W1,0.010951170815825135,2400,0.052923376610435065
0.18,10,CDF_sup,0.013602649981441062,2400,0.052923376610435065
0.18,11,truncated_KDE_chi2,0.005575608216094303,2400,0.052923376610435065
0.18,11,well_TV,0.0012500000000001954,2400,0.052923376610435065
0.18,11,W1,0.01158331093426906,2400,0.052923376610435065
0.18,11,CDF_sup,0.013931521411302605,2400,0.052923376610435065
0.18,12,truncated_KDE_chi2,0.007836483439050478,2400,0.052923376610435065
0.18,12,well_TV,0.008333333333333581,2400,0.052923376610435065
0.18,12,W1,0.021992942183909524,2400,0.052923376610435065
0.18,12,CDF_sup,0.016732728078281578,2400,0.052923376610435065
0.18,13,truncated_KDE_chi2,0.00628679502212302,2400,0.052923376610435065
0.18,13,well_TV,0.009583333333333555,2400,0.052923376610435065
0.18,13,W1,0.01493922053942093,2400,0.052923376610435065
0.18,13,CDF_sup,0.014567784491274882,2400,0.052923376610435065
0.18,14,truncated_KDE_chi2,0.00330942319496202,2400,0.052923376610435065
0.18,14,well_TV,0.0012500000000001954,2400,0.052923376610435065
0.18,14,W1,0.009296374738692981,2400,0.052923376610435065
0.18,14,CDF_sup,0.009053253038709852,2400,0.052923376610435065
0.18,15,truncated_KDE_chi2,0.0045583771878141156,2400,0.052923376610435065
0.18,15,well_TV,0.007916666666666905,2400,0.052923376610435065
0.18,15,W1,0.013185576560200737,2400,0.052923376610435065
0.18,15,CDF_sup,0.011472676233209467,2400,0.052923376610435065
0.18,16,truncated_KDE_chi2,0.00405610595863891,2400,0.052923376610435065
0.18,16,well_TV,0.003749999999999809,2400,0.052923376610435065
0.18,16,W1,0.014993113165885077,2400,0.052923376610435065
0.18,16,CDF_sup,0.013907890976899373,2400,0.052923376610435065
0.18,17,truncated_KDE_chi2,0.0043779656365320625,2400,0.052923376610435065
0.18,17,well_TV,0.004999999999999782,2400,0.052923376610435065
0.18,17,W1,0.01500857202761138,2400,0.052923376610435065
0.18,17,CDF_sup,0.012354731796774987,2400,0.052923376610435065
0.18,18,truncated_KDE_chi2,0.008405937229941903,2400,0.052923376610435065
0.18,18,well_TV,0.0029166666666664565,2400,0.052923376610435065
0.18,18,W1,0.011561888426205681,2400,0.052923376610435065
0.18,18,CDF_sup,0.010452615941281884,2400,0.052923376610435065
0.18,19,truncated_KDE_chi2,0.006939187617988692,2400,0.052923376610435065
0.18,19,well_TV,0.00041666666666689833,2400,0.052923376610435065
0.18,19,W1,0.01180735043317839,2400,0.052923376610435065
0.18,19,CDF_sup,0.014469919705376255,2400,0.052923376610435065
0.18,20,truncated_KDE_chi2,0.005666957819334061,2400,0.052923376610435065
0.18,20,well_TV,0.005833333333333579,2400,0.052923376610435065
0.18,20,W1,0.014004239937950327,2400,0.052923376610435065
0.18,20,CDF_sup,0.012765661587276655,2400,0.052923376610435065
0.18,21,truncated_KDE_chi2,0.0025271891108943714,2400,0.052923376610435065
0.18,21,well_TV,0.0008333333333331305,2400,0.052923376610435065
0.18,21,W1,0.007177138154766519,2400,0.052923376610435065
0.18,21,CDF_sup,0.010031432808124546,2400,0.052923376610435065
0.18,22,truncated_KDE_chi2,0.011439934977145547,2400,0.052923376610435065
0.18,22,well_TV,0.002083333333333104,2400,0.052923376610435065
0.18,22,W1,0.015265999403760076,2400,0.052923376610435065
0.18,22,CDF_sup,0.014871348705961851,2400,0.052923376610435065
0.18,23,truncated_KDE_chi2,0.005230518463469769,2400,0.052923376610435065
0.18,23,well_TV,0.006249999999999756,2400,0.052923376610435065
0.18,23,W1,0.011612797538306002,2400,0.052923376610435065
0.18,23,CDF_sup,0.015918465245737146,2400,0.052923376610435065
0.16,0,truncated_KDE_chi2,0.008419554032915822,2400,0.04998018091849345
0.16,0,well_TV,0.012499999999999845,2400,0.04998018091849345
0.16,0,W1,0.017079999687011252,2400,0.04998018091849345
0.16,0,CDF_sup,0.01382515816621388,2400,0.04998018091849345
0.16,1,truncated_KDE_chi2,0.009004939291956962,2400,0.04998018091849345
0.16,1,well_TV,1.1102230246251565e-16,2400,0.04998018091849345
0.16,1,W1,0.011143717632995612,2400,0.04998018091849345
0.16,1,CDF_sup,0.01491833218077554,2400,0.04998018091849345
0.16,2,truncated_KDE_chi2,0.005207633309599512,2400,0.04998018091849345
0.16,2,well_TV,0.012916666666666576,2400,0.04998018091849345
0.16,2,W1,0.0137431904299469,2400,0.04998018091849345
0.16,2,CDF_sup,0.015158085110758057,2400,0.04998018091849345
0.16,3,truncated_KDE_chi2,0.0057323416421119055,2400,0.04998018091849345
0.16,3,well_TV,0.004166666666666763,2400,0.04998018091849345
0.16,3,W1,0.019147067649213617,2400,0.04998018091849345
0.16,3,CDF_sup,0.018316812122836423,2400,0.04998018091849345
0.16,4,truncated_KDE_chi2,0.004705634755841262,2400,0.04998018091849345
0.16,4,well_TV,0.009166666666666767,2400,0.04998018091849345
0.16,4,W1,0.01898257264094625,2400,0.04998018091849345
0.16,4,CDF_sup,0.01810646326779175,2400,0.04998018091849345
0.16,5,truncated_KDE_chi2,0.007397598203660558,2400,0.04998018091849345
0.16,5,well_TV,0.0024999999999998357,2400,0.04998018091849345
0.16,5,W1,0.01644963685532076,2400,0.04998018091849345
0.16,5,CDF_sup,0.01749619385610679,2400,0.04998018091849345
0.16,6,truncated_KDE_chi2,0.005780923396992937,2400,0.04998018091849345
0.16,6,well_TV,0.009583333333333277,2400,0.04998018091849345
0.16,6,W1,0.02516612919871636,2400,0.04998018091849345
0.16,6,CDF_sup,0.019905660493848232,2400,0.04998018091849345
0.16,7,truncated_KDE_chi2,0.007788960420634478,2400,0.04998018091849345
0.16,7,well_TV,0.003333333333333466,2400,0.04998018091849345
0.16,7,W1,0.015679226793312413,2400,0.04998018091849345
0.16,7,CDF_sup,0.016342634870068817,2400,0.04998018091849345
0.16,8,truncated_KDE_chi2,0.007875486421470897,2400,0.04998018091849345
0.16,8,well_TV,0.012499999999999845,2400,0.04998018091849345
0.16,8,W1,0.019495225244010213,2400,0.04998018091849345
0.16,8,CDF_sup,0.01578496760458581,2400,0.04998018091849345
0.16,9,truncated_KDE_chi2,0.006566235570781601,2400,0.04998018091849345
0.16,9,well_TV,0.0029166666666665675,2400,0.04998018091849345
0.16,9,W1,0.019986954236887348,2400,0.04998018091849345
0.16,9,CDF_sup,0.018424846082365387,2400,0.04998018091849345
0.16,10,truncated_KDE_chi2,0.006326219701561616,2400,0.04998018091849345
0.16,10,well_TV,0.00041666666666650976,2400,0.04998018091849345
0.16,10,W1,0.008840766002600111,2400,0.04998018091849345
0.16,10,CDF_sup,0.009487499813013112,2400,0.04998018091849345
0.16,11,truncated_KDE_chi2,0.007505791410665616,2400,0.04998018091849345
0.16,11,well_TV,0.006666666666666765,2400,0.04998018091849345
0.16,11,W1,0.019935902867067895,2400,0.04998018091849345
0.16,11,CDF_sup,0.018635493147255655,2400,0.04998018091849345
0.16,12,truncated_KDE_chi2,0.006280667612568371,2400,0.04998018091849345
0.16,12,well_TV,0.0008333333333334636,2400,0.04998018091849345
0.16,12,W1,0.010317554254557479,2400,0.04998018091849345
0.16,12,CDF_sup,0.014356065585394373,2400,0.04998018091849345
0.16,13,truncated_KDE_chi2,0.0076152659795844495,2400,0.04998018091849345
0.16,13,well_TV,0.012499999999999845,2400,0.04998018091849345
0.16,13,W1,0.031322248415209336,2400,0.04998018091849345
0.16,13,CDF_sup,0.02327000489400255,2400,0.04998018091849345
0.16,14,truncated_KDE_chi2,0.006690813517222342,2400,0.04998018091849345
0.16,14,well_TV,0.0016666666666665941,2400,0.04998018091849345
0.16,14,W1,0.011005658169134555,2400,0.04998018091849345
0.16,14,CDF_sup,0.012344967799133216,2400,0.04998018091849345
0.16,15,truncated_KDE_chi2,0.007001624854058173,2400,0.04998018091849345
0.16,15,well_TV,0.009999999999999898,2400,0.04998018091849345
0.16,15,W1,0.023169431507795053,2400,0.04998018091849345
0.16,15,CDF_sup,0.01912863189144348,2400,0.04998018091849345
0.16,16,truncated_KDE_chi2,0.0049171328731764455,2400,0.04998018091849345
0.16,16,well_TV,0.00374999999999992,2400,0.04998018091849345
0.16,16,W1,0.009022291734075417,2400,0.04998018091849345
0.16,16,CDF_sup,0.011542952414059254,2400,0.04998018091849345
0.16,17,truncated_KDE_chi2,0.010492537485859665,2400,0.04998018091849345
0.16,17,well_TV,0.0016666666666665941,2400,0.04998018091849345
0.16,17,W1,0.019587684034448466,2400,0.04998018091849345
0.16,17,CDF_sup,0.021288256753199786,2400,0.04998018091849345
0.16,18,truncated_KDE_chi2,0.0034446667886098986,2400,0.04998018091849345
0.16,18,well_TV,0.00041666666666650976,2400,0.04998018091849345
0.16,18,W1,0.010488730541597014,2400,0.04998018091849345
0.16,18,CDF_sup,0.011765108732371576,2400,0.04998018091849345
0.16,19,truncated_KDE_chi2,0.0055974419633711674,2400,0.04998018091849345
0.16,19,well_TV,0.004166666666666763,2400,0.04998018091849345
0.16,19,W1,0.015325343492978708,2400,0.04998018091849345
0.16,19,CDF_sup,0.015292952414059924,2400,0.04998018091849345
0.16,20,truncated_KDE_chi2,0.006683863367308541,2400,0.04998018091849345
0.16,20,well_TV,0.023333333333333206,2400,0.04998018091849345
0.16,20,W1,0.04259241794643851,2400,0.04998018091849345
0.16,20,CDF_sup,0.025241892307378,2400,0.04998018091849345
0.16,21,truncated_KDE_chi2,0.004293050400373708,2400,0.04998018091849345
0.16,21,well_TV,0.010833333333333417,2400,0.04998018091849345
0.16,21,W1,0.02872877071962337,2400,0.04998018091849345
0.16,21,CDF_sup,0.019359826375780154,2400,0.04998018091849345
0.16,22,truncated_KDE_chi2,0.005932949160948078,2400,0.04998018091849345
0.16,22,well_TV,0.011666666666666603,2400,0.04998018091849345
0.16,22,W1,0.026823935272840365,2400,0.04998018091849345
0.16,22,CDF_sup,0.020359368525450172,2400,0.04998018091849345
0.16,23,truncated_KDE_chi2,0.0035650600696477356,2400,0.04998018091849345
0.16,23,well_TV,0.00041666666666650976,2400,0.04998018091849345
0.16,23,W1,0.006607716405445592,2400,0.04998018091849345
0.16,23,CDF_sup,0.007964838164252197,2400,0.04998018091849345
0.14,0,truncated_KDE_chi2,0.0035061435605574657,2400,0.04668118944124035
0.14,0,well_TV,0.004583333333333273,2400,0.04668118944124035
0.14,0,W1,0.00641442001820047,2400,0.04668118944124035
0.14,0,CDF_sup,0.008414074676398764,2400,0.04668118944124035
0.14,1,truncated_KDE_chi2,0.006760139022269828,2400,0.04668118944124035
0.14,1,well_TV,0.013333333333333364,2400,0.04668118944124035
0.14,1,W1,0.0297268675345359,2400,0.04668118944124035
0.14,1,CDF_sup,0.019763748923709912,2400,0.04668118944124035
0.14,2,truncated_KDE_chi2,0.00600650626821095,2400,0.04668118944124035
0.14,2,well_TV,0.013333333333333364,2400,0.04668118944124035
0.14,2,W1,0.02887948218582066,2400,0.04668118944124035
0.14,2,CDF_sup,0.022505809098591345,2400,0.04668118944124035
0.14,3,truncated_KDE_chi2,0.007874586746430615,2400,0.04668118944124035
0.14,3,well_TV,0.015000000000000069,2400,0.04668118944124035
0.14,3,W1,0.02740486965100932,2400,0.04668118944124035
0.14,3,CDF_sup,0.017722476282303057,2400,0.04668118944124035
0.14,4,truncated_KDE_chi2,0.006774007637485582,2400,0.04668118944124035
0.14,4,well_TV,0.017916666666666747,2400,0.04668118944124035
0.14,4,W1,0.026863076512612615,2400,0.04668118944124035
0.14,4,CDF_sup,0.019237680078079078,2400,0.04668118944124035
0.14,5,truncated_KDE_chi2,0.006958124236357168,2400,0.04668118944124035
0.14,5,well_TV,0.013749999999999929,2400,0.04668118944124035
0.14,5,W1,0.032454055873705256,2400,0.04668118944124035
0.14,5,CDF_sup,0.021032447275165622,2400,0.04668118944124035
0.14,6,truncated_KDE_chi2,0.00690085360542786,2400,0.04668118944124035
0.14,6,well_TV,0.0016666666666665941,2400,0.04668118944124035
0.14,6,W1,0.010939511090245806,2400,0.04668118944124035
0.14,6,CDF_sup,0.01107853492463684,2400,0.04668118944124035
0.14,7,truncated_KDE_chi2,0.004657718475097663,2400,0.04668118944124035
0.14,7,well_TV,0.0004166666666666208,2400,0.04668118944124035
0.14,7,W1,0.008378687820439842,2400,0.04668118944124035
0.14,7,CDF_sup,0.010232369054249069,2400,0.04668118944124035
0.14,8,truncated_KDE_chi2,0.007354724295979066,2400,0.04668118944124035
0.14,8,well_TV,0.013750000000000095,2400,0.04668118944124035
0.14,8,W1,0.017932681722709575,2400,0.04668118944124035
0.14,8,CDF_sup,0.016167288672013114,2400,0.04668118944124035
0.14,9,truncated_KDE_chi2,0.005920905611129476,2400,0.04668118944124035
0.14,9,well_TV,0.006249999999999922,2400,0.04668118944124035
0.14,9,W1,0.007486547508267988,2400,0.04668118944124035
0.14,9,CDF_sup,0.01057056585446392,2400,0.04668118944124035
0.14,10,truncated_KDE_chi2,0.006558628267976441,2400,0.04668118944124035
0.14,10,well_TV,0.017500000000000016,2400,0.04668118944124035
0.14,10,W1,0.028903134862885288,2400,0.04668118944124035
0.14,10,CDF_sup,0.020085485134635483,2400,0.04668118944124035
0.14,11,truncated_KDE_chi2,0.007467492240115032,2400,0.04668118944124035
0.14,11,well_TV,0.006666666666666599,2400,0.04668118944124035
0.14,11,W1,0.021753000861139453,2400,0.04668118944124035
0.14,11,CDF_sup,0.023284277973354972,2400,0.04668118944124035
0.14,12,truncated_KDE_chi2,0.005393449834277494,2400,0.04668118944124035
0.14,12,well_TV,0.0016666666666665941,2400,0.04668118944124035
0.14,12,W1,0.010736320159143855,2400,0.04668118944124035
0.14,12,CDF_sup,0.01229723178956943,2400,0.04668118944124035
0.14,13,truncated_KDE_chi2,0.009395857922816091,2400,0.04668118944124035
0.14,13,well_TV,0.008749999999999925,2400,0.04668118944124035
0.14,13,W1,0.02054049280239767,2400,0.04668118944124035
0.14,13,CDF_sup,0.016406968024734847,2400,0.04668118944124035
0.14,14,truncated_KDE_chi2,0.0072478436667484086,2400,0.04668118944124035
0.14,14,well_TV,0.0020833333333332704,2400,0.04668118944124035
0.14,14,W1,0.011821522574600674,2400,0.04668118944124035
0.14,14,CDF_sup,0.010317375992639821,2400,0.04668118944124035
0.14,15,truncated_KDE_chi2,0.00464846386850225,2400,0.04668118944124035
0.14,15,well_TV,0.004583333333333439,2400,0.04668118944124035
0.14,15,W1,0.01187624451389735,2400,0.04668118944124035
0.14,15,CDF_sup,0.010649035720916189,2400,0.04668118944124035
0.14,16,truncated_KDE_chi2,0.005289061991369127,2400,0.04668118944124035
0.14,16,well_TV,0.002916666666666623,2400,0.04668118944124035
0.14,16,W1,0.017568039552835715,2400,0.04668118944124035
0.14,16,CDF_sup,0.013669258656934552,2400,0.04668118944124035
0.14,17,truncated_KDE_chi2,0.004728233970576829,2400,0.04668118944124035
0.14,17,well_TV,0.008333333333333304,2400,0.04668118944124035
0.14,17,W1,0.012489268004819244,2400,0.04668118944124035
0.14,17,CDF_sup,0.009902943854281865,2400,0.04668118944124035
0.14,18,truncated_KDE_chi2,0.00645966738445648,2400,0.04668118944124035
0.14,18,well_TV,0.0016666666666665941,2400,0.04668118944124035
0.14,18,W1,0.012460841681924321,2400,0.04668118944124035
0.14,18,CDF_sup,0.014307482183433473,2400,0.04668118944124035
0.14,19,truncated_KDE_chi2,0.007211353711881841,2400,0.04668118944124035
0.14,19,well_TV,0.004999999999999949,2400,0.04668118944124035
0.14,19,W1,0.012759814910341975,2400,0.04668118944124035
0.14,19,CDF_sup,0.014511626006898148,2400,0.04668118944124035
0.14,20,truncated_KDE_chi2,0.007259542833863591,2400,0.04668118944124035
0.14,20,well_TV,0.012499999999999956,2400,0.04668118944124035
0.14,20,W1,0.02255433410370757,2400,0.04668118944124035
0.14,20,CDF_sup,0.01733180221656694,2400,0.04668118944124035
0.14,21,truncated_KDE_chi2,0.01371698989950259,2400,0.04668118944124035
0.14,21,well_TV,0.024166666666666614,2400,0.04668118944124035
0.14,21,W1,0.05208295795407317,2400,0.04668118944124035
0.14,21,CDF_sup,0.03734469942921509,2400,0.04668118944124035
0.14,22,truncated_KDE_chi2,0.005679027789924207,2400,0.04668118944124035
0.14,22,well_TV,0.009166666666666712,2400,0.04668118944124035
0.14,22,W1,0.015881349729937263,2400,0.04668118944124035
0.14,22,CDF_sup,0.013944190384363564,2400,0.04668118944124035
0.14,23,truncated_KDE_chi2,0.010749161889337923,2400,0.04668118944124035
0.14,23,well_TV,0.004166666666666707,2400,0.04668118944124035
0.14,23,W1,0.027299048556951713,2400,0.04668118944124035
0.14,23,CDF_sup,0.02758074134306543,2400,0.04668118944124035
0.125,0,truncated_KDE_chi2,0.005060386660427284,2400,0.0439093841568741
0.125,0,well_TV,0.01166666666666677,2400,0.0439093841568741
0.125,0,W1,0.01695179228423493,2400,0.0439093841568741
0.125,0,CDF_sup,0.015135316779057995,2400,0.0439093841568741
0.125,1,truncated_KDE_chi2,0.0060473101270461455,2400,0.0439093841568741
0.125,1,well_TV,0.012916666666666798,2400,0.0439093841568741
0.125,1,W1,0.026207579802501976,2400,0.0439093841568741
0.125,1,CDF_sup,0.017532122496092928,2400,0.0439093841568741
0.125,2,truncated_KDE_chi2,0.007896767898533127,2400,0.0439093841568741
0.125,2,well_TV,0.0016666666666665941,2400,0.0439093841568741
0.125,2,W1,0.010619560763860978,2400,0.0439093841568741
0.125,2,CDF_sup,0.011840894778243766,2400,0.0439093841568741
0.125,3,truncated_KDE_chi2,0.008198679301462581,2400,0.0439093841568741
0.125,3,well_TV,0.006249999999999867,2400,0.0439093841568741
0.125,3,W1,0.013077354182745719,2400,0.0439093841568741
0.125,3,CDF_sup,0.01389684564147979,2400,0.0439093841568741
0.125,4,truncated_KDE_chi2,0.00679523029597336,2400,0.0439093841568741
0.125,4,well_TV,0.007500000000000118,2400,0.0439093841568741
0.125,4,W1,0.011975313568722015,2400,0.0439093841568741
0.125,4,CDF_sup,0.010906383314543633,2400,0.0439093841568741
0.125,5,truncated_KDE_chi2,0.010048446039333234,2400,0.0439093841568741
0.125,5,well_TV,0.01000000000000012,2400,0.0439093841568741
0.125,5,W1,0.02952919371111823,2400,0.0439093841568741
0.125,5,CDF_sup,0.023651808394141965,2400,0.0439093841568741
0.125,6,truncated_KDE_chi2,0.008166454996621669,2400,0.0439093841568741
0.125,6,well_TV,0.0012499999999998623,2400,0.0439093841568741
0.125,6,W1,0.011236105965818102,2400,0.0439093841568741
0.125,6,CDF_sup,0.014527276547644963,2400,0.0439093841568741
0.125,7,truncated_KDE_chi2,0.007005974409391369,2400,0.0439093841568741
0.125,7,well_TV,0.020416666666666805,2400,0.0439093841568741
0.125,7,W1,0.03518229710554989,2400,0.0439093841568741
0.125,7,CDF_sup,0.025300075157000057,2400,0.0439093841568741
0.125,8,truncated_KDE_chi2,0.009393828120431892,2400,0.0439093841568741
0.125,8,well_TV,0.005416666666666514,2400,0.0439093841568741
0.125,8,W1,0.010888367263327123,2400,0.0439093841568741
0.125,8,CDF_sup,0.014673182394745424,2400,0.0439093841568741
0.125,9,truncated_KDE_chi2,0.007575701352773651,2400,0.0439093841568741
0.125,9,well_TV,0.0016666666666667607,2400,0.0439093841568741
0.125,9,W1,0.011928602709864213,2400,0.0439093841568741
0.125,9,CDF_sup,0.012958687719771406,2400,0.0439093841568741
0.125,10,truncated_KDE_chi2,0.006995742620746754,2400,0.0439093841568741
0.125,10,well_TV,0.0012499999999998623,2400,0.0439093841568741
0.125,10,W1,0.008762680345756588,2400,0.0439093841568741
0.125,10,CDF_sup,0.011221745117342863,2400,0.0439093841568741
0.125,11,truncated_KDE_chi2,0.008153900711348614,2400,0.0439093841568741
0.125,11,well_TV,0.007916666666666794,2400,0.0439093841568741
0.125,11,W1,0.02355113163737719,2400,0.0439093841568741
0.125,11,CDF_sup,0.021388699993029947,2400,0.0439093841568741
0.125,12,truncated_KDE_chi2,0.004439352495036578,2400,0.0439093841568741
0.125,12,well_TV,0.005833333333333468,2400,0.0439093841568741
0.125,12,W1,0.013555812634062272,2400,0.0439093841568741
0.125,12,CDF_sup,0.012169679062515204,2400,0.0439093841568741
0.125,13,truncated_KDE_chi2,0.009202988672377429,2400,0.0439093841568741
0.125,13,well_TV,0.004166666666666541,2400,0.0439093841568741
0.125,13,W1,0.013383790109339957,2400,0.0439093841568741
0.125,13,CDF_sup,0.011340956362812293,2400,0.0439093841568741
0.125,14,truncated_KDE_chi2,0.005554908984314207,2400,0.0439093841568741
0.125,14,well_TV,0.008750000000000091,2400,0.0439093841568741
0.125,14,W1,0.018932348445929607,2400,0.0439093841568741
0.125,14,CDF_sup,0.01674460359686103,2400,0.0439093841568741
0.125,15,truncated_KDE_chi2,0.008639960990354762,2400,0.0439093841568741
0.125,15,well_TV,0.011666666666666603,2400,0.0439093841568741
0.125,15,W1,0.022222786744430706,2400,0.0439093841568741
0.125,15,CDF_sup,0.016997305358655956,2400,0.0439093841568741
0.125,16,truncated_KDE_chi2,0.0057655804600936205,2400,0.0439093841568741
0.125,16,well_TV,0.020416666666666528,2400,0.0439093841568741
0.125,16,W1,0.03292107262745954,2400,0.0439093841568741
0.125,16,CDF_sup,0.02240045324583656,2400,0.0439093841568741
0.125,17,truncated_KDE_chi2,0.008906526599279672,2400,0.0439093841568741
0.125,17,well_TV,0.009583333333333444,2400,0.0439093841568741
0.125,17,W1,0.02542888953280019,2400,0.0439093841568741
0.125,17,CDF_sup,0.023303795642866998,2400,0.0439093841568741
0.125,18,truncated_KDE_chi2,0.006129700139940165,2400,0.0439093841568741
0.125,18,well_TV,0.01416666666666655,2400,0.0439093841568741
0.125,18,W1,0.024130014220270436,2400,0.0439093841568741
0.125,18,CDF_sup,0.020108066435542804,2400,0.0439093841568741
0.125,19,truncated_KDE_chi2,0.00881617268651477,2400,0.0439093841568741
0.125,19,well_TV,0.007500000000000118,2400,0.0439093841568741
0.125,19,W1,0.02420984553246139,2400,0.0439093841568741
0.125,19,CDF_sup,0.022838729736472996,2400,0.0439093841568741
0.125,20,truncated_KDE_chi2,0.006500062594419614,2400,0.0439093841568741
0.125,20,well_TV,0.0029166666666665675,2400,0.0439093841568741
0.125,20,W1,0.012122092216074415,2400,0.0439093841568741
0.125,20,CDF_sup,0.015791312280227898,2400,0.0439093841568741
0.125,21,truncated_KDE_chi2,0.006080883940197758,2400,0.0439093841568741
0.125,21,well_TV,0.012500000000000122,2400,0.0439093841568741
0.125,21,W1,0.01894230166600272,2400,0.0439093841568741
0.125,21,CDF_sup,0.01333735482021875,2400,0.0439093841568741
0.125,22,truncated_KDE_chi2,0.010284141246255294,2400,0.0439093841568741
0.125,22,well_TV,0.0012499999999998623,2400,0.0439093841568741
0.125,22,W1,0.011124928352757597,2400,0.0439093841568741
0.125,22,CDF_sup,0.012353154358520801,2400,0.0439093841568741
0.125,23,truncated_KDE_chi2,0.0078884009064452,2400,0.0439093841568741
0.125,23,well_TV,0.0012499999999998623,2400,0.0439093841568741
0.125,23,W1,0.009987707931481505,2400,0.0439093841568741
0.125,23,CDF_sup,0.014156256012320845,2400,0.0439093841568741
0.11,0,truncated_KDE_chi2,0.011946003495541143,2400,0.04080645932605496
0.11,0,well_TV,0.012499999999999956,2400,0.04080645932605496
0.11,0,W1,0.01651815976090641,2400,0.04080645932605496
0.11,0,CDF_sup,0.019854686915024455,2400,0.04080645932605496
0.11,1,truncated_KDE_chi2,0.008314554656122762,2400,0.04080645932605496
0.11,1,well_TV,0.0012499999999999734,2400,0.04080645932605496
0.11,1,W1,0.013210403841765082,2400,0.04080645932605496
0.11,1,CDF_sup,0.015564134907513072,2400,0.04080645932605496
0.11,2,truncated_KDE_chi2,0.009913983646144858,2400,0.04080645932605496
0.11,2,well_TV,0.009166666666666656,2400,0.04080645932605496
0.11,2,W1,0.020648870614116407,2400,0.04080645932605496
0.11,2,CDF_sup,0.01912616822320906,2400,0.04080645932605496
0.11,3,truncated_KDE_chi2,0.00795772281298759,2400,0.04080645932605496
0.11,3,well_TV,0.0037499999999999756,2400,0.04080645932605496
0.11,3,W1,0.01787266079048562,2400,0.04080645932605496
0.11,3,CDF_sup,0.016938020248357777,2400,0.04080645932605496
0.11,4,truncated_KDE_chi2,0.008516813683057504,2400,0.04080645932605496
0.11,4,well_TV,0.01541666666666669,2400,0.04080645932605496
0.11,4,W1,0.035519547954683386,2400,0.04080645932605496
0.11,4,CDF_sup,0.022842791502766302,2400,0.04080645932605496
0.11,5,truncated_KDE_chi2,0.007437553670345277,2400,0.04080645932605496
0.11,5,well_TV,0.0050000000000000044,2400,0.04080645932605496
0.11,5,W1,0.01297602550261876,2400,0.04080645932605496
0.11,5,CDF_sup,0.014085446394011603,2400,0.04080645932605496
0.11,6,truncated_KDE_chi2,0.006356943555121224,2400,0.04080645932605496
0.11,6,well_TV,0.009166666666666656,2400,0.04080645932605496
0.11,6,W1,0.019686828870206244,2400,0.04080645932605496
0.11,6,CDF_sup,0.01595212955242803,2400,0.04080645932605496
0.11,7,truncated_KDE_chi2,0.007665982237870466,2400,0.04080645932605496
0.11,7,well_TV,0.010000000000000009,2400,0.04080645932605496
0.11,7,W1,0.014931507573352047,2400,0.04080645932605496
0.11,7,CDF_sup,0.014713687985668467,2400,0.04080645932605496
0.11,8,truncated_KDE_chi2,0.00482749792396568,2400,0.04080645932605496
0.11,8,well_TV,0.014583333333333282,2400,0.04080645932605496
0.11,8,W1,0.019860088288236405,2400,0.04080645932605496
0.11,8,CDF_sup,0.017104804110193383,2400,0.04080645932605496
0.11,9,truncated_KDE_chi2,0.010674068791230323,2400,0.04080645932605496
0.11,9,well_TV,0.0004166666666666763,2400,0.04080645932605496
0.11,9,W1,0.011132399598612034,2400,0.04080645932605496
0.11,9,CDF_sup,0.016278006938405754,2400,0.04080645932605496
0.11,10,truncated_KDE_chi2,0.004546326234435883,2400,0.04080645932605496
0.11,10,well_TV,0.002083333333333326,2400,0.04080645932605496
0.11,10,W1,0.009152775463637228,2400,0.04080645932605496
0.11,10,CDF_sup,0.014126168223209057,2400,0.04080645932605496
0.11,11,truncated_KDE_chi2,0.006132123103613293,2400,0.04080645932605496
0.11,11,well_TV,0.002083333333333326,2400,0.04080645932605496
0.11,11,W1,0.011877681022106418,2400,0.04080645932605496
0.11,11,CDF_sup,0.01658984044088474,2400,0.04080645932605496
0.11,12,truncated_KDE_chi2,0.007044093173023885,2400,0.04080645932605496
0.11,12,well_TV,0.019166666666666665,2400,0.04080645932605496
0.11,12,W1,0.03457720392742055,2400,0.04080645932605496
0.11,12,CDF_sup,0.02144416505206803,2400,0.04080645932605496
0.11,13,truncated_KDE_chi2,0.010386999957243372,2400,0.04080645932605496
0.11,13,well_TV,0.00708333333333333,2400,0.04080645932605496
0.11,13,W1,0.015722804767534043,2400,0.04080645932605496
0.11,13,CDF_sup,0.014651054624305826,2400,0.04080645932605496
0.11,14,truncated_KDE_chi2,0.009276309191746728,2400,0.04080645932605496
0.11,14,well_TV,0.009166666666666656,2400,0.04080645932605496
0.11,14,W1,0.016999058397612756,2400,0.04080645932605496
0.11,14,CDF_sup,0.016094757758894462,2400,0.04080645932605496
0.11,15,truncated_KDE_chi2,0.00841135838761623,2400,0.04080645932605496
0.11,15,well_TV,0.01041666666666663,2400,0.04080645932605496
0.11,15,W1,0.018531378225636087,2400,0.04080645932605496
0.11,15,CDF_sup,0.016106659547119206,2400,0.04080645932605496
0.11,16,truncated_KDE_chi2,0.005649501256297555,2400,0.04080645932605496
0.11,16,well_TV,0.0008333333333333526,2400,0.04080645932605496
0.11,16,W1,0.009408121441610982,2400,0.04080645932605496
0.11,16,CDF_sup,0.01390281910224933,2400,0.04080645932605496
0.11,17,truncated_KDE_chi2,0.010916041548820473,2400,0.04080645932605496
0.11,17,well_TV,0.01874999999999999,2400,0.04080645932605496
0.11,17,W1,0.042139464964874224,2400,0.04080645932605496
0.11,17,CDF_sup,0.026769903422553865,2400,0.04080645932605496
0.11,18,truncated_KDE_chi2,0.004405899797742575,2400,0.04080645932605496
0.11,18,well_TV,0.003750000000000031,2400,0.04080645932605496
0.11,18,W1,0.010627395688989747,2400,0.04080645932605496
0.11,18,CDF_sup,0.016870212272643403,2400,0.04080645932605496
0.11,19,truncated_KDE_chi2,0.00433063893791152,2400,0.04080645932605496
0.11,19,well_TV,0.004166666666666652,2400,0.04080645932605496
0.11,19,W1,0.007864984686454938,2400,0.04080645932605496
0.11,19,CDF_sup,0.007673777256702485,2400,0.04080645932605496
0.11,20,truncated_KDE_chi2,0.008848566013201033,2400,0.04080645932605496
0.11,20,well_TV,0.020416666666666694,2400,0.04080645932605496
0.11,20,W1,0.045241271152731195,2400,0.04080645932605496
0.11,20,CDF_sup,0.02865089815416516,2400,0.04080645932605496
0.11,21,truncated_KDE_chi2,0.005766279797732598,2400,0.04080645932605496
0.11,21,well_TV,0.006249999999999978,2400,0.04080645932605496
0.11,21,W1,0.012400579182362087,2400,0.04080645932605496
0.11,21,CDF_sup,0.015651604069594538,2400,0.04080645932605496
0.11,22,truncated_KDE_chi2,0.007705726134042072,2400,0.04080645932605496
0.11,22,well_TV,0.0004166666666666208,2400,0.04080645932605496
0.11,22,W1,0.012088541131399986,2400,0.04080645932605496
0.11,22,CDF_sup,0.016870212272644458,2400,0.04080645932605496
0.11,23,truncated_KDE_chi2,0.006905043535794471,2400,0.04080645932605496
0.11,23,well_TV,0.02416666666666667,2400,0.04080645932605496
0.11,23,W1,0.03367127461013778,2400,0.04080645932605496
0.11,23,CDF_sup,0.026208119648715722,2400,0.04080645932605496
0.1,0,truncated_KDE_chi2,0.004204574337624407,2400,0.03856712370868164
0.1,0,well_TV,0.014583333333333282,2400,0.03856712370868164
0.1,0,W1,0.029157752519202766,2400,0.03856712370868164
0.1,0,CDF_sup,0.017997926668653963,2400,0.03856712370868164
0.1,1,truncated_KDE_chi2,0.008212471160358396,2400,0.03856712370868164
0.1,1,well_TV,0.006666666666666765,2400,0.03856712370868164
0.1,1,W1,0.022511050614098083,2400,0.03856712370868164
0.1,1,CDF_sup,0.017417146879924433,2400,0.03856712370868164
0.1,2,truncated_KDE_chi2,0.007944537577185854,2400,0.03856712370868164
0.1,2,well_TV,0.0008333333333332971,2400,0.03856712370868164
0.1,2,W1,0.008017922205697248,2400,0.03856712370868164
0.1,2,CDF_sup,0.010432654828794602,2400,0.03856712370868164
0.1,3,truncated_KDE_chi2,0.007423325922534254,2400,0.03856712370868164
0.1,3,well_TV,0.006666666666666765,2400,0.03856712370868164
0.1,3,W1,0.01673480911674973,2400,0.03856712370868164
0.1,3,CDF_sup,0.017152521876041216,2400,0.03856712370868164
0.1,4,truncated_KDE_chi2,0.008970942026824672,2400,0.03856712370868164
0.1,4,well_TV,0.009583333333333277,2400,0.03856712370868164
0.1,4,W1,0.02028095874474032,2400,0.03856712370868164
0.1,4,CDF_sup,0.01482734853537293,2400,0.03856712370868164
0.1,5,truncated_KDE_chi2,0.009348936226810814,2400,0.03856712370868164
0.1,5,well_TV,0.007083333333333386,2400,0.03856712370868164
0.1,5,W1,0.024163385083950658,2400,0.03856712370868164
0.1,5,CDF_sup,0.02273217867224031,2400,0.03856712370868164
0.1,6,truncated_KDE_chi2,0.007879547363440317,2400,0.03856712370868164
0.1,6,well_TV,0.002916666666666734,2400,0.03856712370868164
0.1,6,W1,0.01225973262932284,2400,0.03856712370868164
0.1,6,CDF_sup,0.01360172441203733,2400,0.03856712370868164
0.1,7,truncated_KDE_chi2,0.007834058864242254,2400,0.03856712370868164
0.1,7,well_TV,0.0016666666666665941,2400,0.03856712370868164
0.1,7,W1,0.009740045358955845,2400,0.03856712370868164
0.1,7,CDF_sup,0.014455865251774704,2400,0.03856712370868164
0.1,8,truncated_KDE_chi2,0.0069848598284088115,2400,0.03856712370868164
0.1,8,well_TV,0.0058333333333333015,2400,0.03856712370868164
0.1,8,W1,0.009384500697453824,2400,0.03856712370868164
0.1,8,CDF_sup,0.011394300405474844,2400,0.03856712370868164
0.1,9,truncated_KDE_chi2,0.005145839093411297,2400,0.03856712370868164
0.1,9,well_TV,0.0091666666666666,2400,0.03856712370868164
0.1,9,W1,0.018604514157011448,2400,0.03856712370868164
0.1,9,CDF_sup,0.013719606164845022,2400,0.03856712370868164
0.1,10,truncated_KDE_chi2,0.007558115494581637,2400,0.03856712370868164
0.1,10,well_TV,0.003333333333333355,2400,0.03856712370868164
0.1,10,W1,0.014443025397658972,2400,0.03856712370868164
0.1,10,CDF_sup,0.011723856958407428,2400,0.03856712370868164
0.1,11,truncated_KDE_chi2,0.005889446791199495,2400,0.03856712370868164
0.1,11,well_TV,0.009583333333333277,2400,0.03856712370868164
0.1,11,W1,0.01947496996067015,2400,0.03856712370868164
0.1,11,CDF_sup,0.013334995601439581,2400,0.03856712370868164
0.1,12,truncated_KDE_chi2,0.01160279623679263,2400,0.03856712370868164
0.1,12,well_TV,0.0037500000000000866,2400,0.03856712370868164
0.1,12,W1,0.01425869760619148,2400,0.03856712370868164
0.1,12,CDF_sup,0.017176157015018845,2400,0.03856712370868164
0.1,13,truncated_KDE_chi2,0.00689979157933376,2400,0.03856712370868164
0.1,13,well_TV,0.01166666666666677,2400,0.03856712370868164
0.1,13,W1,0.017817913965705208,2400,0.03856712370868164
0.1,13,CDF_sup,0.012093293575666686,2400,0.03856712370868164
0.1,14,truncated_KDE_chi2,0.006621903104308043,2400,0.03856712370868164
0.1,14,well_TV,0.0091666666666666,2400,0.03856712370868164
0.1,14,W1,0.014943394106256372,2400,0.03856712370868164
0.1,14,CDF_sup,0.010667594569006567,2400,0.03856712370868164
0.1,15,truncated_KDE_chi2,0.009932107479664953,2400,0.03856712370868164
0.1,15,well_TV,0.004166666666666707,2400,0.03856712370868164
0.1,15,W1,0.014788264168349054,2400,0.03856712370868164
0.1,15,CDF_sup,0.02123601491718413,2400,0.03856712370868164
0.1,16,truncated_KDE_chi2,0.005707858277077361,2400,0.03856712370868164
0.1,16,well_TV,0.006666666666666765,2400,0.03856712370868164
0.1,16,W1,0.015792959688180615,2400,0.03856712370868164
0.1,16,CDF_sup,0.013149361195533449,2400,0.03856712370868164
0.1,17,truncated_KDE_chi2,0.008247057144648432,2400,0.03856712370868164
0.1,17,well_TV,0.024999999999999967,2400,0.03856712370868164
0.1,17,W1,0.048989700633790934,2400,0.03856712370868164
0.1,17,CDF_sup,0.02869024829050537,2400,0.03856712370868164
0.1,18,truncated_KDE_chi2,0.006605017877335236,2400,0.03856712370868164
0.1,18,well_TV,0.004583333333333273,2400,0.03856712370868164
0.1,18,W1,0.017857015440001536,2400,0.03856712370868164
0.1,18,CDF_sup,0.017442240359957006,2400,0.03856712370868164
0.1,19,truncated_KDE_chi2,0.009166520615175944,2400,0.03856712370868164
0.1,19,well_TV,0.0020833333333333814,2400,0.03856712370868164
0.1,19,W1,0.010006659084200911,2400,0.03856712370868164
0.1,19,CDF_sup,0.016101724412036805,2400,0.03856712370868164
0.1,20,truncated_KDE_chi2,0.008335035875136225,2400,0.03856712370868164
0.1,20,well_TV,0.007500000000000007,2400,0.03856712370868164
0.1,20,W1,0.01284354171427067,2400,0.03856712370868164
0.1,20,CDF_sup,0.012196807213863486,2400,0.03856712370868164
0.1,21,truncated_KDE_chi2,0.0071353464454760665,2400,0.03856712370868164
0.1,21,well_TV,0.015833333333333255,2400,0.03856712370868164
0.1,21,W1,0.027802932279562896,2400,0.03856712370868164
0.1,21,CDF_sup,0.01977348213373159,2400,0.03856712370868164
0.1,22,truncated_KDE_chi2,0.005961685235271174,2400,0.03856712370868164
0.1,22,well_TV,0.0016666666666665941,2400,0.03856712370868164
0.1,22,W1,0.009161703187565881,2400,0.03856712370868164
0.1,22,CDF_sup,0.009878219369492958,2400,0.03856712370868164
0.1,23,truncated_KDE_chi2,0.009358120727697738,2400,0.03856712370868164
0.1,23,well_TV,0.028333333333333266,2400,0.03856712370868164
0.1,23,W1,0.04803094859508934,2400,0.03856712370868164
0.1,23,CDF_sup,0.03137437143041222,2400,0.03856712370868164
0.09,0,truncated_KDE_chi2,0.011512117673437884,2400,0.03600925541595481
0.09,0,well_TV,0.028749999999999942,2400,0.03600925541595481
0.09,0,W1,0.054266532689009245,2400,0.03600925541595481
0.09,0,CDF_sup,0.03526446523064086,2400,0.03600925541595481
0.09,1,truncated_KDE_chi2,0.0041407419244653965,2400,0.03600925541595481
0.09,1,well_TV,0.0016666666666665941,2400,0.03600925541595481
0.09,1,W1,0.007992101188312572,2400,0.03600925541595481
0.09,1,CDF_sup,0.010458026807798115,2400,0.03600925541595481
0.09,2,truncated_KDE_chi2,0.006643712293419125,2400,0.03600925541595481
0.09,2,well_TV,0.011250000000000038,2400,0.03600925541595481
0.09,2,W1,0.025747407509501247,2400,0.03600925541595481
0.09,2,CDF_sup,0.019638900329221,2400,0.03600925541595481
0.09,3,truncated_KDE_chi2,0.004661024532801929,2400,0.03600925541595481
0.09,3,well_TV,0.0058333333333334125,2400,0.03600925541595481
0.09,3,W1,0.00927528409773145,2400,0.03600925541595481
0.09,3,CDF_sup,0.008360692232748268,2400,0.03600925541595481
0.09,4,truncated_KDE_chi2,0.010336171268083973,2400,0.03600925541595481
0.09,4,well_TV,0.006249999999999922,2400,0.03600925541595481
0.09,4,W1,0.017436335538589746,2400,0.03600925541595481
0.09,4,CDF_sup,0.01358758037075547,2400,0.03600925541595481
0.09,5,truncated_KDE_chi2,0.006381873397236879,2400,0.03600925541595481
0.09,5,well_TV,0.011250000000000038,2400,0.03600925541595481
0.09,5,W1,0.020676261530318443,2400,0.03600925541595481
0.09,5,CDF_sup,0.014939333667216337,2400,0.03600925541595481
0.09,6,truncated_KDE_chi2,0.007434652083934217,2400,0.03600925541595481
0.09,6,well_TV,0.009999999999999953,2400,0.03600925541595481
0.09,6,W1,0.014981268149347186,2400,0.03600925541595481
0.09,6,CDF_sup,0.015722155483063105,2400,0.03600925541595481
0.09,7,truncated_KDE_chi2,0.006773751155237074,2400,0.03600925541595481
0.09,7,well_TV,0.012500000000000011,2400,0.03600925541595481
0.09,7,W1,0.022077879312078382,2400,0.03600925541595481
0.09,7,CDF_sup,0.016289711466146994,2400,0.03600925541595481
0.09,8,truncated_KDE_chi2,0.0077545726856174495,2400,0.03600925541595481
0.09,8,well_TV,0.01541666666666669,2400,0.03600925541595481
0.09,8,W1,0.03322974258039699,2400,0.03600925541595481
0.09,8,CDF_sup,0.019419032012947146,2400,0.03600925541595481
0.09,9,truncated_KDE_chi2,0.008766438491663121,2400,0.03600925541595481
0.09,9,well_TV,0.02250000000000002,2400,0.03600925541595481
0.09,9,W1,0.04761444518433348,2400,0.03600925541595481
0.09,9,CDF_sup,0.028309745278730092,2400,0.03600925541595481
0.09,10,truncated_KDE_chi2,0.008406122207945704,2400,0.03600925541595481
0.09,10,well_TV,0.004583333333333273,2400,0.03600925541595481
0.09,10,W1,0.009903744147180935,2400,0.03600925541595481
0.09,10,CDF_sup,0.00971293374079829,2400,0.03600925541595481
0.09,11,truncated_KDE_chi2,0.009740295926080507,2400,0.03600925541595481
0.09,11,well_TV,0.0020833333333333814,2400,0.03600925541595481
0.09,11,W1,0.012817225620826982,2400,0.03600925541595481
0.09,11,CDF_sup,0.019489261520316742,2400,0.03600925541595481
0.09,12,truncated_KDE_chi2,0.006922789728344312,2400,0.03600925541595481
0.09,12,well_TV,0.014583333333333337,2400,0.03600925541595481
0.09,12,W1,0.026736013618713222,2400,0.03600925541595481
0.09,12,CDF_sup,0.020745753544179735,2400,0.03600925541595481
0.09,13,truncated_KDE_chi2,0.007305584405864565,2400,0.03600925541595481
0.09,13,well_TV,0.009583333333333277,2400,0.03600925541595481
0.09,13,W1,0.02159427395948085,2400,0.03600925541595481
0.09,13,CDF_sup,0.02047046552063836,2400,0.03600925541595481
0.09,14,truncated_KDE_chi2,0.005537138994836488,2400,0.03600925541595481
0.09,14,well_TV,0.0091666666666666,2400,0.03600925541595481
0.09,14,W1,0.026318726680854103,2400,0.03600925541595481
0.09,14,CDF_sup,0.01802020760911993,2400,0.03600925541595481
0.09,15,truncated_KDE_chi2,0.004566496767367767,2400,0.03600925541595481
0.09,15,well_TV,0.006666666666666599,2400,0.03600925541595481
0.09,15,W1,0.015258271739481896,2400,0.03600925541595481
0.09,15,CDF_sup,0.012720295864511955,2400,0.03600925541595481
0.09,16,truncated_KDE_chi2,0.00940383113953282,2400,0.03600925541595481
0.09,16,well_TV,0.006250000000000033,2400,0.03600925541595481
0.09,16,W1,0.014169942090109477,2400,0.03600925541595481
0.09,16,CDF_sup,0.01529512190989668,2400,0.03600925541595481
0.09,17,truncated_KDE_chi2,0.006650176561871629,2400,0.03600925541595481
0.09,17,well_TV,0.010000000000000064,2400,0.03600925541595481
0.09,17,W1,0.017152863805405174,2400,0.03600925541595481
0.09,17,CDF_sup,0.015356000333883013,2400,0.03600925541595481
0.09,18,truncated_KDE_chi2,0.005509370506226968,2400,0.03600925541595481
0.09,18,well_TV,0.0016666666666667607,2400,0.03600925541595481
0.09,18,W1,0.008453093065211784,2400,0.03600925541595481
0.09,18,CDF_sup,0.013008639493478469,2400,0.03600925541595481
0.09,19,truncated_KDE_chi2,0.009167623267875808,2400,0.03600925541595481
0.09,19,well_TV,0.014166666666666716,2400,0.03600925541595481
0.09,19,W1,0.03066361763361257,2400,0.03600925541595481
0.09,19,CDF_sup,0.0213093065320612,2400,0.03600925541595481
0.09,20,truncated_KDE_chi2,0.009433629873537977,2400,0.03600925541595481
0.09,20,well_TV,0.007500000000000007,2400,0.03600925541595481
0.09,20,W1,0.013983986133911528,2400,0.03600925541595481
0.09,20,CDF_sup,0.01287695520051968,2400,0.03600925541595481
0.09,21,truncated_KDE_chi2,0.007691039120699359,2400,0.03600925541595481
0.09,21,well_TV,0.006666666666666599,2400,0.03600925541595481
0.09,21,W1,0.015141462556081637,2400,0.03600925541595481
0.09,21,CDF_sup,0.016199432494459765,2400,0.03600925541595481
0.09,22,truncated_KDE_chi2,0.010128206422881616,2400,0.03600925541595481
0.09,22,well_TV,0.009999999999999953,2400,0.03600925541595481
0.09,22,W1,0.01431302144108922,2400,0.03600925541595481
0.09,22,CDF_sup,0.01144262770970178,2400,0.03600925541595481
0.09,23,truncated_KDE_chi2,0.007274705768908776,2400,0.03600925541595481
0.09,23,well_TV,0.0008333333333332971,2400,0.03600925541595481
0.09,23,W1,0.011796679664333343,2400,0.03600925541595481
0.09,23,CDF_sup,0.011611099670779002,2400,0.03600925541595481
0.08,0,truncated_KDE_chi2,0.0070373177874573836,2400,0.03343783602703798
0.08,0,well_TV,0.0008333333333334636,2400,0.03343783602703798
0.08,0,W1,0.009436153507396988,2400,0.03343783602703798
0.08,0,CDF_sup,0.0107738526792438,2400,0.03343783602703798
0.08,1,truncated_KDE_chi2,0.006806252164508787,2400,0.03343783602703798
0.08,1,well_TV,0.002083333333333437,2400,0.03343783602703798
0.08,1,W1,0.013366208235640886,2400,0.03343783602703798
0.08,1,CDF_sup,0.014044894197278071,2400,0.03343783602703798
0.08,2,truncated_KDE_chi2,0.008010426843524042,2400,0.03343783602703798
0.08,2,well_TV,0.005416666666666514,2400,0.03343783602703798
0.08,2,W1,0.009017013161073797,2400,0.03343783602703798
0.08,2,CDF_sup,0.011574288002366484,2400,0.03343783602703798
0.08,3,truncated_KDE_chi2,0.0080093483742435,2400,0.03343783602703798
0.08,3,well_TV,0.002083333333333437,2400,0.03343783602703798
0.08,3,W1,0.014605326680126204,2400,0.03343783602703798
0.08,3,CDF_sup,0.015845102611542927,2400,0.03343783602703798
0.08,4,truncated_KDE_chi2,0.008993609351470356,2400,0.03343783602703798
0.08,4,well_TV,0.011250000000000093,2400,0.03343783602703798
0.08,4,W1,0.023239247550879603,2400,0.03343783602703798
0.08,4,CDF_sup,0.015871439221988304,2400,0.03343783602703798
0.08,5,truncated_KDE_chi2,0.008154146016749415,2400,0.03343783602703798
0.08,5,well_TV,0.013333333333333197,2400,0.03343783602703798
0.08,5,W1,0.03109953390607778,2400,0.03343783602703798
0.08,5,CDF_sup,0.023690519345910488,2400,0.03343783602703798
0.08,6,truncated_KDE_chi2,0.009585950083625908,2400,0.03343783602703798
0.08,6,well_TV,0.007916666666666794,2400,0.03343783602703798
0.08,6,W1,0.015136311641714816,2400,0.03343783602703798
0.08,6,CDF_sup,0.011789527389557075,2400,0.03343783602703798
0.08,7,truncated_KDE_chi2,0.00642798743968962,2400,0.03343783602703798
0.08,7,well_TV,1.1102230246251565e-16,2400,0.03343783602703798
0.08,7,W1,0.0052565196911833955,2400,0.03343783602703798
0.08,7,CDF_sup,0.010029804585207969,2400,0.03343783602703798
0.08,8,truncated_KDE_chi2,0.010803383646084514,2400,0.03343783602703798
0.08,8,well_TV,0.01791666666666658,2400,0.03343783602703798
0.08,8,W1,0.03566954718909151,2400,0.03343783602703798
0.08,8,CDF_sup,0.031220122345569368,2400,0.03343783602703798
0.08,9,truncated_KDE_chi2,0.01015895552182574,2400,0.03343783602703798
0.08,9,well_TV,0.0037500000000000866,2400,0.03343783602703798
0.08,9,W1,0.015353482698181984,2400,0.03343783602703798
0.08,9,CDF_sup,0.02324443754229233,2400,0.03343783602703798
0.08,10,truncated_KDE_chi2,0.010284034625463272,2400,0.03343783602703798
0.08,10,well_TV,0.013333333333333197,2400,0.03343783602703798
0.08,10,W1,0.017617995831290555,2400,0.03343783602703798
0.08,10,CDF_sup,0.015072778448310009,2400,0.03343783602703798
0.08,11,truncated_KDE_chi2,0.008589625412027558,2400,0.03343783602703798
0.08,11,well_TV,0.012500000000000122,2400,0.03343783602703798
0.08,11,W1,0.026061674340445415,2400,0.03343783602703798
0.08,11,CDF_sup,0.01756460399505355,2400,0.03343783602703798
0.08,12,truncated_KDE_chi2,0.008003426870926554,2400,0.03343783602703798
0.08,12,well_TV,0.0016666666666665941,2400,0.03343783602703798
0.08,12,W1,0.009882244581996108,2400,0.03343783602703798
0.08,12,CDF_sup,0.01664300798883067,2400,0.03343783602703798
0.08,13,truncated_KDE_chi2,0.007584943182839799,2400,0.03343783602703798
0.08,13,well_TV,0.01166666666666677,2400,0.03343783602703798
0.08,13,W1,0.026589122987333815,2400,0.03343783602703798
0.08,13,CDF_sup,0.019647937328386877,2400,0.03343783602703798
0.08,14,truncated_KDE_chi2,0.011508063477446834,2400,0.03343783602703798
0.08,14,well_TV,0.012916666666666576,2400,0.03343783602703798
0.08,14,W1,0.032070320907641885,2400,0.03343783602703798
0.08,14,CDF_sup,0.024201994460185783,2400,0.03343783602703798
0.08,15,truncated_KDE_chi2,0.006388745133165685,2400,0.03343783602703798
0.08,15,well_TV,0.00374999999999992,2400,0.03343783602703798
0.08,15,W1,0.01080183561059328,2400,0.03343783602703798
0.08,15,CDF_sup,0.009553717915483873,2400,0.03343783602703798
0.08,16,truncated_KDE_chi2,0.01305393124083749,2400,0.03343783602703798
0.08,16,well_TV,0.0029166666666667895,2400,0.03343783602703798
0.08,16,W1,0.01152686291712723,2400,0.03343783602703798
0.08,16,CDF_sup,0.012797658886272933,2400,0.03343783602703798
0.08,17,truncated_KDE_chi2,0.01054409605895355,2400,0.03343783602703798
0.08,17,well_TV,0.009166666666666545,2400,0.03343783602703798
0.08,17,W1,0.02382710125954178,2400,0.03343783602703798
0.08,17,CDF_sup,0.01951178237122131,2400,0.03343783602703798
0.08,18,truncated_KDE_chi2,0.010298204600671762,2400,0.03343783602703798
0.08,18,well_TV,0.01749999999999985,2400,0.03343783602703798
0.08,18,W1,0.03422052343654727,2400,0.03343783602703798
0.08,18,CDF_sup,0.022507244117692282,2400,0.03343783602703798
0.08,19,truncated_KDE_chi2,0.007059220840951756,2400,0.03343783602703798
0.08,19,well_TV,0.004583333333333273,2400,0.03343783602703798
0.08,19,W1,0.014838762994868339,2400,0.03343783602703798
0.08,19,CDF_sup,0.018761769278208967,2400,0.03343783602703798
0.08,20,truncated_KDE_chi2,0.009223113464960003,2400,0.03343783602703798
0.08,20,well_TV,0.007083333333333441,2400,0.03343783602703798
0.08,20,W1,0.019736488512996506,2400,0.03343783602703798
0.08,20,CDF_sup,0.022794894197278065,2400,0.03343783602703798
0.08,21,truncated_KDE_chi2,0.010739289902089567,2400,0.03343783602703798
0.08,21,well_TV,0.0008333333333334636,2400,0.03343783602703798
0.08,21,W1,0.008175859901164841,2400,0.03343783602703798
0.08,21,CDF_sup,0.011636789012236803,2400,0.03343783602703798
0.08,22,truncated_KDE_chi2,0.01166685994489016,2400,0.03343783602703798
0.08,22,well_TV,0.017916666666666803,2400,0.03343783602703798
0.08,22,W1,0.02719629974051857,2400,0.03343783602703798
0.08,22,CDF_sup,0.01965828404418296,2400,0.03343783602703798
0.08,23,truncated_KDE_chi2,0.010522632712751053,2400,0.03343783602703798
0.08,23,well_TV,0.009583333333333277,2400,0.03343783602703798
0.08,23,W1,0.025978675145701555,2400,0.03343783602703798
0.08,23,CDF_sup,0.01955227919931468,2400,0.03343783602703798
0.07,0,truncated_KDE_chi2,0.006751676192996346,2400,0.030840117829300594
0.07,0,well_TV,0.007083333333333219,2400,0.030840117829300594
0.07,0,W1,0.017150047159043967,2400,0.030840117829300594
0.07,0,CDF_sup,0.016156080347798252,2400,0.030840117829300594
0.07,1,truncated_KDE_chi2,0.008231137651489655,2400,0.030840117829300594
0.07,1,well_TV,0.00749999999999984,2400,0.030840117829300594
0.07,1,W1,0.015069600112141332,2400,0.030840117829300594
0.07,1,CDF_sup,0.012953593239181493,2400,0.030840117829300594
0.07,2,truncated_KDE_chi2,0.012838014633234307,2400,0.030840117829300594
0.07,2,well_TV,0.01416666666666655,2400,0.030840117829300594
0.07,2,W1,0.027438913935108923,2400,0.030840117829300594
0.07,2,CDF_sup,0.01875649939934898,2400,0.030840117829300594
0.07,3,truncated_KDE_chi2,0.006727352804942164,2400,0.030840117829300594
0.07,3,well_TV,0.009999999999999898,2400,0.030840117829300594
0.07,3,W1,0.015946117398478104,2400,0.030840117829300594
0.07,3,CDF_sup,0.01107501068754646,2400,0.030840117829300594
0.07,4,truncated_KDE_chi2,0.010224378867657313,2400,0.030840117829300594
0.07,4,well_TV,0.00374999999999992,2400,0.030840117829300594
0.07,4,W1,0.011174805492540825,2400,0.030840117829300594
0.07,4,CDF_sup,0.012561900323941222,2400,0.030840117829300594
0.07,5,truncated_KDE_chi2,0.009645087037847212,2400,0.030840117829300594
0.07,5,well_TV,0.007500000000000118,2400,0.030840117829300594
0.07,5,W1,0.02142186635019852,2400,0.030840117829300594
0.07,5,CDF_sup,0.020964765680763442,2400,0.030840117829300594
0.07,6,truncated_KDE_chi2,0.0074787992701976745,2400,0.030840117829300594
0.07,6,well_TV,0.003333333333333466,2400,0.030840117829300594
0.07,6,W1,0.014284589060953942,2400,0.030840117829300594
0.07,6,CDF_sup,0.016547308136656336,2400,0.030840117829300594
0.07,7,truncated_KDE_chi2,0.007903223021429736,2400,0.030840117829300594
0.07,7,well_TV,0.0012499999999998623,2400,0.030840117829300594
0.07,7,W1,0.008739546881668503,2400,0.030840117829300594
0.07,7,CDF_sup,0.010604987812777078,2400,0.030840117829300594
0.07,8,truncated_KDE_chi2,0.008783426577081714,2400,0.030840117829300594
0.07,8,well_TV,0.007083333333333441,2400,0.030840117829300594
0.07,8,W1,0.018162602775799962,2400,0.030840117829300594
0.07,8,CDF_sup,0.014709093394027595,2400,0.030840117829300594
0.07,9,truncated_KDE_chi2,0.006817898042691706,2400,0.030840117829300594
0.07,9,well_TV,0.01166666666666677,2400,0.030840117829300594
0.07,9,W1,0.021846890565569887,2400,0.030840117829300594
0.07,9,CDF_sup,0.017210210710496165,2400,0.030840117829300594
0.07,10,truncated_KDE_chi2,0.0061123613801181975,2400,0.030840117829300594
0.07,10,well_TV,0.0024999999999998357,2400,0.030840117829300594
0.07,10,W1,0.008047299084679235,2400,0.030840117829300594
0.07,10,CDF_sup,0.009043884117499124,2400,0.030840117829300594
0.07,11,truncated_KDE_chi2,0.012044901458279782,2400,0.030840117829300594
0.07,11,well_TV,0.01166666666666677,2400,0.030840117829300594
0.07,11,W1,0.02071466955837966,2400,0.030840117829300594
0.07,11,CDF_sup,0.019677252985535132,2400,0.030840117829300594
0.07,12,truncated_KDE_chi2,0.008063085128525414,2400,0.030840117829300594
0.07,12,well_TV,0.006249999999999867,2400,0.030840117829300594
0.07,12,W1,0.01356035154032042,2400,0.030840117829300594
0.07,12,CDF_sup,0.013613240720145359,2400,0.030840117829300594
0.07,13,truncated_KDE_chi2,0.01106394400668445,2400,0.030840117829300594
0.07,13,well_TV,0.01166666666666677,2400,0.030840117829300594
0.07,13,W1,0.026986064195685347,2400,0.030840117829300594
0.07,13,CDF_sup,0.020423166066015408,2400,0.030840117829300594
0.07,14,truncated_KDE_chi2,0.007895208165357832,2400,0.030840117829300594
0.07,14,well_TV,0.002083333333333215,2400,0.030840117829300594
0.07,14,W1,0.011132444903446906,2400,0.030840117829300594
0.07,14,CDF_sup,0.011157570683423629,2400,0.030840117829300594
0.07,15,truncated_KDE_chi2,0.009338672467799042,2400,0.030840117829300594
0.07,15,well_TV,0.007916666666666572,2400,0.030840117829300594
0.07,15,W1,0.022105101924547392,2400,0.030840117829300594
0.07,15,CDF_sup,0.021124239939305678,2400,0.030840117829300594
0.07,16,truncated_KDE_chi2,0.009501343280079958,2400,0.030840117829300594
0.07,16,well_TV,0.01458333333333317,2400,0.030840117829300594
0.07,16,W1,0.024228861364333637,2400,0.030840117829300594
0.07,16,CDF_sup,0.017377996314514976,2400,0.030840117829300594
0.07,17,truncated_KDE_chi2,0.008916238470151437,2400,0.030840117829300594
0.07,17,well_TV,0.0024999999999998357,2400,0.030840117829300594
0.07,17,W1,0.010194412090556835,2400,0.030840117829300594
0.07,17,CDF_sup,0.01482702199381103,2400,0.030840117829300594
0.07,18,truncated_KDE_chi2,0.010205887229927917,2400,0.030840117829300594
0.07,18,well_TV,0.00749999999999984,2400,0.030840117829300594
0.07,18,W1,0.017045539402042415,2400,0.030840117829300594
0.07,18,CDF_sup,0.014293544043829765,2400,0.030840117829300594
0.07,19,truncated_KDE_chi2,0.012741269262320783,2400,0.030840117829300594
0.07,19,well_TV,0.005833333333333468,2400,0.030840117829300594
0.07,19,W1,0.014954339831851423,2400,0.030840117829300594
0.07,19,CDF_sup,0.01310498781277708,2400,0.030840117829300594
0.07,20,truncated_KDE_chi2,0.010465483948964308,2400,0.030840117829300594
0.07,20,well_TV,0.002083333333333215,2400,0.030840117829300594
0.07,20,W1,0.010754441341314064,2400,0.030840117829300594
0.07,20,CDF_sup,0.01602165447944376,2400,0.030840117829300594
0.07,21,truncated_KDE_chi2,0.007388875682337563,2400,0.030840117829300594
0.07,21,well_TV,0.013749999999999929,2400,0.030840117829300594
0.07,21,W1,0.02500197555755084,2400,0.030840117829300594
0.07,21,CDF_sup,0.015030992687867895,2400,0.030840117829300594
0.07,22,truncated_KDE_chi2,0.006773944759838904,2400,0.030840117829300594
0.07,22,well_TV,0.0025000000000001132,2400,0.030840117829300594
0.07,22,W1,0.006797326112085509,2400,0.030840117829300594
0.07,22,CDF_sup,0.010448246850530613,2400,0.030840117829300594
0.07,23,truncated_KDE_chi2,0.010251326705822615,2400,0.030840117829300594
0.07,23,well_TV,0.0008333333333332416,2400,0.030840117829300594
0.07,23,W1,0.009652354758960934,2400,0.030840117829300594
0.07,23,CDF_sup,0.014614913517197264,2400,0.030840117829300594
0.06,0,truncated_KDE_chi2,0.010642434452181505,2400,0.02801031231032403
0.06,0,well_TV,0.01666666666666672,2400,0.02801031231032403
0.06,0,W1,0.033610858050799115,2400,0.02801031231032403
0.06,0,CDF_sup,0.026904666710103053,2400,0.02801031231032403
0.06,1,truncated_KDE_chi2,0.009585470243025909,2400,0.02801031231032403
0.06,1,well_TV,0.0050000000000000044,2400,0.02801031231032403
0.06,1,W1,0.013516234852855408,2400,0.02801031231032403
0.06,1,CDF_sup,0.01499742219894945,2400,0.02801031231032403
0.06,2,truncated_KDE_chi2,0.012157385711327481,2400,0.02801031231032403
0.06,2,well_TV,0.004583333333333328,2400,0.02801031231032403
0.06,2,W1,0.012664891851671193,2400,0.02801031231032403
0.06,2,CDF_sup,0.014755914593562625,2400,0.02801031231032403
0.06,3,truncated_KDE_chi2,0.01020990241072776,2400,0.02801031231032403
0.06,3,well_TV,0.0012499999999999734,2400,0.02801031231032403
0.06,3,W1,0.008509036315024946,2400,0.02801031231032403
0.06,3,CDF_sup,0.014220761310327623,2400,0.02801031231032403
0.06,4,truncated_KDE_chi2,0.008833847903793757,2400,0.02801031231032403
0.06,4,well_TV,0.01041666666666663,2400,0.02801031231032403
0.06,4,W1,0.016395415267380007,2400,0.02801031231032403
0.06,4,CDF_sup,0.01464469866667334,2400,0.02801031231032403
0.06,5,truncated_KDE_chi2,0.0127088793813173,2400,0.02801031231032403
0.06,5,well_TV,0.0012499999999999734,2400,0.02801031231032403
0.06,5,W1,0.007949041891079135,2400,0.02801031231032403
0.06,5,CDF_sup,0.01207854051722801,2400,0.02801031231032403
0.06,6,truncated_KDE_chi2,0.00917954136654633,2400,0.02801031231032403
0.06,6,well_TV,0.014583333333333282,2400,0.02801031231032403
0.06,6,W1,0.02503022378675187,2400,0.02801031231032403
0.06,6,CDF_sup,0.018905024307323326,2400,0.02801031231032403
0.06,7,truncated_KDE_chi2,0.01311262352172957,2400,0.02801031231032403
0.06,7,well_TV,0.0008333333333333526,2400,0.02801031231032403
0.06,7,W1,0.010895248675414446,2400,0.02801031231032403
0.06,7,CDF_sup,0.028276178337256208,2400,0.02801031231032403
0.06,8,truncated_KDE_chi2,0.007188527463091447,2400,0.02801031231032403
0.06,8,well_TV,0.0037499999999999756,2400,0.02801031231032403
0.06,8,W1,0.011834621319517557,2400,0.02801031231032403
0.06,8,CDF_sup,0.011608101244965252,2400,0.02801031231032403
0.06,9,truncated_KDE_chi2,0.007708045061669378,2400,0.02801031231032403
0.06,9,well_TV,0.0037499999999999756,2400,0.02801031231032403
0.06,9,W1,0.01067506500348707,2400,0.02801031231032403
0.06,9,CDF_sup,0.01769104885066275,2400,0.02801031231032403
0.06,10,truncated_KDE_chi2,0.01059229670251173,2400,0.02801031231032403
0.06,10,well_TV,0.0050000000000000044,2400,0.02801031231032403
0.06,10,W1,0.01260784067851814,2400,0.02801031231032403
0.06,10,CDF_sup,0.011188634666659758,2400,0.02801031231032403
0.06,11,truncated_KDE_chi2,0.011274082801266447,2400,0.02801031231032403
0.06,11,well_TV,0.004166666666666652,2400,0.02801031231032403
0.06,11,W1,0.010674629249305435,2400,0.02801031231032403
0.06,11,CDF_sup,0.016593028646304187,2400,0.02801031231032403
0.06,12,truncated_KDE_chi2,0.012189048338412417,2400,0.02801031231032403
0.06,12,well_TV,0.012916666666666687,2400,0.02801031231032403
0.06,12,W1,0.031879357531223326,2400,0.02801031231032403
0.06,12,CDF_sup,0.021769511827732124,2400,0.02801031231032403
0.06,13,truncated_KDE_chi2,0.010832353085020199,2400,0.02801031231032403
0.06,13,well_TV,0.003333333333333355,2400,0.02801031231032403
0.06,13,W1,0.009401979350993322,2400,0.02801031231032403
0.06,13,CDF_sup,0.011688204161103721,2400,0.02801031231032403
0.06,14,truncated_KDE_chi2,0.00953128379905733,2400,0.02801031231032403
0.06,14,well_TV,0.006666666666666654,2400,0.02801031231032403
0.06,14,W1,0.014034524361965743,2400,0.02801031231032403
0.06,14,CDF_sup,0.012672581260229548,2400,0.02801031231032403
0.06,15,truncated_KDE_chi2,0.010276366551498963,2400,0.02801031231032403
0.06,15,well_TV,0.013749999999999984,2400,0.02801031231032403
0.06,15,W1,0.02686962608168197,2400,0.02801031231032403
0.06,15,CDF_sup,0.01875257780105055,2400,0.02801031231032403
0.06,16,truncated_KDE_chi2,0.014012922837626791,2400,0.02801031231032403
0.06,16,well_TV,0.0029166666666666785,2400,0.02801031231032403
0.06,16,W1,0.016688816674898327,2400,0.02801031231032403
0.06,16,CDF_sup,0.018522831341198587,2400,0.02801031231032403
0.06,17,truncated_KDE_chi2,0.01469681713071609,2400,0.02801031231032403
0.06,17,well_TV,0.005416666666666625,2400,0.02801031231032403
0.06,17,W1,0.016199506964728654,2400,0.02801031231032403
0.06,17,CDF_sup,0.019168879982080445,2400,0.02801031231032403
0.06,18,truncated_KDE_chi2,0.007582292234317986,2400,0.02801031231032403
0.06,18,well_TV,0.0004166666666666208,2400,0.02801031231032403
0.06,18,W1,0.00691020240864165,2400,0.02801031231032403
0.06,18,CDF_sup,0.010349291135973784,2400,0.02801031231032403
0.06,19,truncated_KDE_chi2,0.01162815036573619,2400,0.02801031231032403
0.06,19,well_TV,0.012916666666666687,2400,0.02801031231032403
0.06,19,W1,0.026900739836435816,2400,0.02801031231032403
0.06,19,CDF_sup,0.01816272044513001,2400,0.02801031231032403
0.06,20,truncated_KDE_chi2,0.007956729460096793,2400,0.02801031231032403
0.06,20,well_TV,0.003333333333333355,2400,0.02801031231032403
0.06,20,W1,0.009205823373379617,2400,0.02801031231032403
0.06,20,CDF_sup,0.008811365333339982,2400,0.02801031231032403
0.06,21,truncated_KDE_chi2,0.013485056280211453,2400,0.02801031231032403
0.06,21,well_TV,0.00833333333333336,2400,0.02801031231032403
0.06,21,W1,0.014499075795113378,2400,0.02801031231032403
0.06,21,CDF_sup,0.012497786684586232,2400,0.02801031231032403
0.06,22,truncated_KDE_chi2,0.006313714328163333,2400,0.02801031231032403
0.06,22,well_TV,0.004166666666666652,2400,0.02801031231032403
0.06,22,W1,0.009467094346691535,2400,0.02801031231032403
0.06,22,CDF_sup,0.008129098622650266,2400,0.02801031231032403
0.06,23,truncated_KDE_chi2,0.008809769446350956,2400,0.02801031231032403
0.06,23,well_TV,0.0050000000000000044,2400,0.02801031231032403
0.06,23,W1,0.014741993003397649,2400,0.02801031231032403
0.06,23,CDF_sup,0.01408842498611207,2400,0.02801031231032403
0.05,0,truncated_KDE_chi2,0.010082643933596147,2400,0.026696329254727758
0.05,0,well_TV,0.0033333333333332993,2400,0.026696329254727758
0.05,0,W1,0.013541687191535989,2400,0.026696329254727758
0.05,0,CDF_sup,0.016341708539577948,2400,0.026696329254727758
0.05,1,truncated_KDE_chi2,0.008607204637738376,2400,0.026696329254727758
0.05,1,well_TV,0.007916666666666683,2400,0.026696329254727758
0.05,1,W1,0.015372257693620314,2400,0.026696329254727758
0.05,1,CDF_sup,0.013603407616039176,2400,0.026696329254727758
0.05,2,truncated_KDE_chi2,0.013486768064350757,2400,0.026696329254727758
0.05,2,well_TV,0.017500000000000016,2400,0.026696329254727758
0.05,2,W1,0.04000718874717151,2400,0.026696329254727758
0.05,2,CDF_sup,0.025146592383960775,2400,0.026696329254727758
0.05,3,truncated_KDE_chi2,0.007891050502175579,2400,0.026696329254727758
0.05,3,well_TV,0.006666666666666654,2400,0.026696329254727758
0.05,3,W1,0.016019679302298962,2400,0.026696329254727758
0.05,3,CDF_sup,0.013764120123847645,2400,0.026696329254727758
0.05,4,truncated_KDE_chi2,0.011608176176146488,2400,0.026696329254727758
0.05,4,well_TV,0.010833333333333306,2400,0.026696329254727758
0.05,4,W1,0.025278324895468857,2400,0.026696329254727758
0.05,4,CDF_sup,0.02171065818404233,2400,0.026696329254727758
0.05,5,truncated_KDE_chi2,0.013493727958948668,2400,0.026696329254727758
0.05,5,well_TV,0.00708333333333333,2400,0.026696329254727758
0.05,5,W1,0.01230127724566993,2400,0.026696329254727758
0.05,5,CDF_sup,0.01413794252680034,2400,0.026696329254727758
0.05,6,truncated_KDE_chi2,0.009493553146085895,2400,0.026696329254727758
0.05,6,well_TV,0.004166666666666652,2400,0.026696329254727758
0.05,6,W1,0.010030141231039616,2400,0.026696329254727758
0.05,6,CDF_sup,0.017333689585278256,2400,0.026696329254727758
0.05,7,truncated_KDE_chi2,0.0077685623645056354,2400,0.026696329254727758
0.05,7,well_TV,0.013749999999999984,2400,0.026696329254727758
0.05,7,W1,0.026792557979403688,2400,0.026696329254727758
0.05,7,CDF_sup,0.018670461007756156,2400,0.026696329254727758
0.05,8,truncated_KDE_chi2,0.018099257774895912,2400,0.026696329254727758
0.05,8,well_TV,0.006666666666666654,2400,0.026696329254727758
0.05,8,W1,0.01962456138457093,2400,0.026696329254727758
0.05,8,CDF_sup,0.016865501370278424,2400,0.026696329254727758
0.05,9,truncated_KDE_chi2,0.015205713865255682,2400,0.026696329254727758
0.05,9,well_TV,0.015000000000000013,2400,0.026696329254727758
0.05,9,W1,0.030042475059290558,2400,0.026696329254727758
0.05,9,CDF_sup,0.02374015110222183,2400,0.026696329254727758
0.05,10,truncated_KDE_chi2,0.008505733894693352,2400,0.026696329254727758
0.05,10,well_TV,0.00874999999999998,2400,0.026696329254727758
0.05,10,W1,0.014082152391619543,2400,0.026696329254727758
0.05,10,CDF_sup,0.010609140278269424,2400,0.026696329254727758
0.05,11,truncated_KDE_chi2,0.00845742781484684,2400,0.026696329254727758
0.05,11,well_TV,0.0004166666666666208,2400,0.026696329254727758
0.05,11,W1,0.004657982601306522,2400,0.026696329254727758
0.05,11,CDF_sup,0.009766566583414904,2400,0.026696329254727758
0.05,12,truncated_KDE_chi2,0.010095296909241235,2400,0.026696329254727758
0.05,12,well_TV,0.00708333333333333,2400,0.026696329254727758
0.05,12,W1,0.015562087100973529,2400,0.026696329254727758
0.05,12,CDF_sup,0.015466164271546845,2400,0.026696329254727758
0.05,13,truncated_KDE_chi2,0.009985724941031886,2400,0.026696329254727758
0.05,13,well_TV,0.007499999999999951,2400,0.026696329254727758
0.05,13,W1,0.01646843889009718,2400,0.026696329254727758
0.05,13,CDF_sup,0.013948834703611801,2400,0.026696329254727758
0.05,14,truncated_KDE_chi2,0.01417125193704727,2400,0.026696329254727758
0.05,14,well_TV,0.007499999999999951,2400,0.026696329254727758
0.05,14,W1,0.020833303919580565,2400,0.026696329254727758
0.05,14,CDF_sup,0.02184989991674824,2400,0.026696329254727758
0.05,15,truncated_KDE_chi2,0.010966018713548856,2400,0.026696329254727758
0.05,15,well_TV,0.017500000000000016,2400,0.026696329254727758
0.05,15,W1,0.029741005249203332,2400,0.026696329254727758
0.05,15,CDF_sup,0.01802106560282435,2400,0.026696329254727758
0.05,16,truncated_KDE_chi2,0.02065759950256378,2400,0.026696329254727758
0.05,16,well_TV,0.009166666666666656,2400,0.026696329254727758
0.05,16,W1,0.02776854570530011,2400,0.026696329254727758
0.05,16,CDF_sup,0.03367725549809894,2400,0.026696329254727758
0.05,17,truncated_KDE_chi2,0.0090732421019065,2400,0.026696329254727758
0.05,17,well_TV,0.006249999999999978,2400,0.026696329254727758
0.05,17,W1,0.013364702789222532,2400,0.026696329254727758
0.05,17,CDF_sup,0.0110258069449361,2400,0.026696329254727758
0.05,18,truncated_KDE_chi2,0.01135438029179626,2400,0.026696329254727758
0.05,18,well_TV,0.0029166666666666785,2400,0.026696329254727758
0.05,18,W1,0.008615316751215598,2400,0.026696329254727758
0.05,18,CDF_sup,0.012893048679095576,2400,0.026696329254727758
0.05,19,truncated_KDE_chi2,0.009622003728406653,2400,0.026696329254727758
0.05,19,well_TV,0.0004166666666666208,2400,0.026696329254727758
0.05,19,W1,0.0052338598247345285,2400,0.026696329254727758
0.05,19,CDF_sup,0.010043991517375672,2400,0.026696329254727758
0.05,20,truncated_KDE_chi2,0.010058627309718966,2400,0.026696329254727758
0.05,20,well_TV,0.005416666666666625,2400,0.026696329254727758
0.05,20,W1,0.011557534763832178,2400,0.026696329254727758
0.05,20,CDF_sup,0.010312267730508973,2400,0.026696329254727758
0.05,21,truncated_KDE_chi2,0.010292330797840803,2400,0.026696329254727758
0.05,21,well_TV,0.004166666666666652,2400,0.026696329254727758
0.05,21,W1,0.01204651463457785,2400,0.026696329254727758
0.05,21,CDF_sup,0.014195842556585903,2400,0.026696329254727758
0.05,22,truncated_KDE_chi2,0.00963744487055735,2400,0.026696329254727758
0.05,22,well_TV,0.00874999999999998,2400,0.026696329254727758
0.05,22,W1,0.01873669460950729,2400,0.026696329254727758
0.05,22,CDF_sup,0.012926515564445018,2400,0.026696329254727758
0.05,23,truncated_KDE_chi2,0.010550537309214496,2400,0.026696329254727758
0.05,23,well_TV,0.01874999999999999,2400,0.026696329254727758
0.05,23,W1,0.032868240018275575,2400,0.026696329254727758
0.05,23,CDF_sup,0.01939777540280957,2400,0.026696329254727758
