epsilon,method,selected_chi2_metric,lambda_form,lambda_abs,lambda_eff,lambda_mix,T_mix,chi2_window_start_time,chi2_window_end_time,chi2_window_initial_value,chi2_window_final_value,threshold,bias_floor,noise_cutoff,lambda_eff_over_lambda_abs,lambda_mix_over_lambda_abs,lambda_form_over_lambda_abs,lambda_mix_over_lambda_eff,log_factor,predicted_threshold_time_from_lambda_eff,observed_mixing_time,predicted_to_observed_ratio,rate_window_accepted,rate_window_R2,rate_window_n_points,plateau_excluded,floor_region_excluded,initial_transient_excluded,consistency_pass,failure_reason,n_censored,N_particles,slope_log_chi2,slope_standard_error,residual_RMSE_log,upper_window_cutoff
0.04,LSC-CP,bin_chi2_M80,0.9805045066712058,1.0016650461051646,0.9881704453999667,0.7907914651802589,1.26,0.24,1.24,0.7336005555555555,0.10057666666666665,0.1,0.01894822222222222,0.03789644444444444,0.9865278310771951,0.7894769496601101,0.9788746352723012,0.8002581628113582,1.9927944922542524,1.2483252851423114,1.26,0.9907343532875488,True,0.9967302760722926,26,True,True,True,True,none,0,6000,-1.9763408907999334,0.023105903385965895,0.03395860400499754,0.8
0.04,Langevin,bin_chi2_M80,0.0005751877670220775,0.0005751877623206457,0.0005443513435397871,0.00047657678933485663,2175.0,210.0,2115.0,0.7949499999999999,0.10456166666666666,0.1,0.01894822222222222,0.03789644444444444,0.9463889519198976,0.8285586386818551,1.000000008173734,0.8754948343395119,2.0731090336066265,2114.2012646884386,2175.0,0.972046558477443,True,0.9988975282266704,128,True,True,True,True,none,0,6000,-0.0010887026870795742,3.22216141362075e-06,0.020046101119225234,0.8
0.045,LSC-CP,bin_chi2_M80,0.9792737172213665,1.0054632199532867,0.9916222871134169,0.7661228570099744,1.3,0.24,1.2,0.7329588888888888,0.10915722222222221,0.1,0.017831066666666662,0.035662133333333325,0.9862342723580553,0.7619601013805041,0.973952798857091,0.772595439781951,1.9919194282259336,1.2443740717165364,1.3,0.9572108243973356,True,0.9967389516340983,25,True,True,True,True,none,0,6000,-1.9832445742268339,0.023653764119654367,0.03272094537034736,0.8
0.045,Langevin,bin_chi2_M80,0.001423580743145214,0.0014235807423572896,0.0013408487854132713,0.0011564928559765469,885.0920516904309,94.83129125254617,853.4816212729155,0.7746222222222221,0.10213944444444444,0.1,0.017831066666666662,0.035662133333333325,0.9418846051492495,0.8123830433822283,1.0000000005534806,0.8625080386078712,2.0472052693232157,858.2303007434762,885.0920516904309,0.9696508957507282,True,0.9990893567166451,73,True,True,True,True,none,0,6000,-0.0026816975708265425,9.608433801495697e-06,0.017975559478818338,0.8
0.05,LSC-CP,bin_chi2_M80,0.980639246627292,1.012222809568766,0.9981366645866335,0.7896270613050116,1.28,0.24,1.24,0.7549227777777777,0.10199,0.1,0.019627333333333326,0.03925466666666665,0.9860839482681353,0.7800921435878468,0.9687978154187916,0.7911011480898021,2.0214452769408298,1.2526094695549468,1.28,0.9786011480898021,True,0.9969678231629293,26,True,True,True,True,none,0,6000,-1.996273329173267,0.022472483780582617,0.03302767110923907,0.8
0.05,Langevin,bin_chi2_M80,0.00273490435247778,0.00273490435248968,0.0025779053942127424,0.0022276297649080927,460.71081018188437,49.36187251948761,444.25685267538853,0.7788016666666666,0.1027961111111111,0.1,0.019627333333333326,0.03925466666666665,0.9425943513768531,0.8145183442631925,0.9999999999956488,0.8641239395010385,2.052586227552176,447.4731127845727,460.71081018188437,0.9712667966438957,True,0.9989719137658187,73,True,True,True,True,none,0,6000,-0.005155810788425485,1.9629350487799605e-05,0.019115061763066897,0.8
0.055,LSC-CP,bin_chi2_M80,0.9829786767038147,1.0202602484759855,0.9974064716893664,0.7929189987775805,1.28,0.24,1.24,0.7613116666666666,0.10142055555555554,0.1,0.018161866666666658,0.036323733333333316,0.9776000517311568,0.7771732751148581,0.9634587627736548,0.7949808039991627,2.029872636870606,1.2575754291189283,1.28,0.9824808039991627,True,0.997327715431953,26,True,True,True,True,none,0,6000,-1.9948129433787327,0.02107749351842893,0.03097746250618235,0.8
0.055,Langevin,bin_chi2_M80,0.004366641111677864,0.004366641109662941,0.004127040175557014,0.0036638290060626516,283.39860522577317,30.916211479175253,278.2459033125773,0.7977683333333332,0.10396,0.1,0.018161866666666658,0.036323733333333316,0.945129235930172,0.8390497212960698,1.0000000004614353,0.8877618947744206,2.0766480602077726,282.50669423083565,283.39860522577317,0.9968528038653297,True,0.9990093985930711,73,True,True,True,True,none,0,6000,-0.008254080351114027,3.084637976825504e-05,0.01881345766623894,0.8
0.06,LSC-CP,bin_chi2_M80,0.9856470233994867,1.0287473622923553,1.0134970777889112,0.785645992728205,1.3,0.24,1.2,0.7711244444444444,0.10889333333333333,0.1,0.0174588,0.0349176,0.9851758701286368,0.7636918659772326,0.9581040589043862,0.7751832836481425,2.042679581093333,1.2477382687425853,1.3,0.9597986682635271,True,0.9973842224142958,25,True,True,True,True,none,0,6000,-2.0269941555778224,0.021645007397806486,0.02994217330576557,0.8
0.06,Langevin,bin_chi2_M80,0.006339076532204915,0.006339076533274298,0.005958684901887887,0.005191443198894943,199.95025987785743,21.296477383440436,196.40084698061736,0.7973,0.1010011111111111,0.1,0.0174588,0.0349176,0.9399925794570066,0.818958908548376,0.9999999998313029,0.8712397591707091,2.0760608335203585,195.50109364554564,199.95025987785743,0.977748634910354,True,0.9989662798861598,75,True,True,True,True,none,0,6000,-0.011917369803775774,4.486886201300572e-05,0.019638295105154604,0.8
0.07,LSC-CP,bin_chi2_M80,0.9929813235303119,1.0474867735134217,1.008817875731301,0.7694835000858182,1.28,0.28,1.24,0.71698,0.10129833333333332,0.1,0.01861711111111111,0.03723422222222222,0.9630841183298005,0.7345997291258004,0.9479655005090989,0.7627575983702833,1.9698777602196946,1.2563297259139627,1.28,0.9815075983702833,True,0.9972291866452674,25,True,True,True,True,none,0,6000,-2.017635751462602,0.022176090865289915,0.03067683663624922,0.8
0.07,Langevin,bin_chi2_M80,0.011397633588511924,0.01139763358661042,0.010860388237769957,0.009163231168840144,111.86532628122293,13.160626621320347,107.91713829482684,0.7768644444444444,0.10070222222222222,0.1,0.01861711111111111,0.03723422222222222,0.952863430399131,0.8039590937196663,1.0000000001668332,0.8437296133643283,2.050095688985149,107.544715113451,111.86532628122293,0.9613766721878577,True,0.9994284418582792,73,True,True,True,True,none,0,6000,-0.021720776475539914,6.164537907901076e-05,0.014404485639461447,0.8
0.08,LSC-CP,bin_chi2_M80,1.003397403352975,1.0681700575504964,1.0308044505289558,0.7937504036077079,1.26,0.28,1.2,0.7390911111111111,0.10368444444444444,0.1,0.018986177777777773,0.037972355555555545,0.9650190465858717,0.7430936656546229,0.9393611029071001,0.7700300509959925,2.000251017091424,1.2502378642549505,1.26,0.9922522732182147,True,0.9977204485022906,24,True,True,True,True,none,0,6000,-2.0616089010579115,0.02100947535970465,0.027285369448012405,0.8
0.08,Langevin,bin_chi2_M80,0.017783104799798652,0.01778310479893488,0.016883912844468902,0.014460935374908293,71.69726627694205,8.434972503169652,70.85376902662507,0.7953555555555555,0.10043499999999998,0.1,0.018986177777777773,0.037972355555555545,0.9494356039267206,0.8131839483830985,1.0000000000485725,0.856491946394146,2.0736190683769014,69.84310364784712,71.69726627694205,0.9741390052176755,True,0.9990570518534739,75,True,True,True,True,none,0,6000,-0.033767825688937804,0.00012142005577360183,0.01894382016427627,0.8
0.09,LSC-CP,bin_chi2_M80,1.0161653082738267,1.0898624788243776,1.041777307213576,0.794651974626835,1.28,0.28,1.24,0.7646966666666667,0.10185388888888887,0.1,0.017775199999999998,0.035550399999999996,0.9558795971555325,0.729130500468295,0.9323793854890323,0.7627848765032875,2.0343090550446976,1.256364641924208,1.28,0.9815348765032875,True,0.9976879485071467,25,True,True,True,True,none,0,6000,-2.083554614427152,0.02091425306509472,0.02893129941360824,0.8
0.09,Langevin,bin_chi2_M80,0.025244418751358945,0.02524441875360932,0.023933214370579825,0.020341777870483434,50.803308748432215,6.536098201552682,49.91202263003866,0.7899972222222222,0.10201111111111111,0.1,0.017775199999999998,0.035550399999999996,0.9480596326725873,0.8057930772351442,0.9999999999108566,0.8499392332142729,2.0668592432923916,49.71582348394312,50.803308748432215,0.9785942039745068,True,0.9989071460721402,74,True,True,True,True,none,0,6000,-0.04786642874115965,0.00018658781414055252,0.020094483484852516,0.8
0.1,LSC-CP,bin_chi2_M80,1.030574906705564,1.111849666163812,1.0557886383023776,0.7888161437585174,1.28,0.28,1.24,0.7533572222222222,0.1025511111111111,0.1,0.01928159999999999,0.03856319999999998,0.9495785900131082,0.7094629496810937,0.9269013051569568,0.7471345259282859,2.0193693280218046,1.2363321931882059,1.28,0.9658845259282858,True,0.9980033807559258,25,True,True,True,True,none,0,6000,-2.111577276604755,0.019693580465345938,0.027242707219595808,0.8
0.1,Langevin,bin_chi2_M80,0.033549874569062346,0.03354987456854729,0.031747452486384144,0.026793735964917277,38.00312270601754,5.365146734967182,37.10893158352301,0.7663672222222222,0.10100055555555555,0.1,0.01928159999999999,0.03856319999999998,0.9462763391713869,0.7986240279430482,1.000000000015352,0.8439649126621602,2.036491271254773,37.43844887044064,38.00312270601754,0.9851413832503956,True,0.9992468430431005,72,True,True,True,True,none,0,6000,-0.06349490497276829,0.00020835129835504823,0.01619740982374864,0.8
0.11,LSC-CP,bin_chi2_M80,1.0461016823454694,1.1336158998015764,1.0863873296910047,0.7944160732440864,1.28,0.28,1.16,0.764235,0.10922055555555554,0.1,0.017683199999999996,0.03536639999999999,0.9583381195351632,0.7007806377655234,0.9228008203912585,0.7312457090879713,2.033705147504861,1.2159945076326033,1.28,0.9499957090879713,True,0.9976536980700139,23,True,True,True,True,none,0,6000,-2.1727746593820094,0.022993605754940683,0.027957804113685456,0.8
0.11,Langevin,bin_chi2_M80,0.04250482676780858,0.042504826768678255,0.04029963090996821,0.033998411546404504,30.349494353826966,4.234813165650275,29.64369215955192,0.7874811111111111,0.10484611111111111,0.1,0.017683199999999996,0.03536639999999999,0.948118930804935,0.7998717823609126,0.9999999999795395,0.8436407673896318,2.063669198533378,29.838883872200157,30.349494353826966,0.9831756511105622,True,0.9992973084735587,73,True,True,True,True,none,0,6000,-0.08059926181993642,0.00025365118135664143,0.015893171042708615,0.8
0.125,LSC-CP,bin_chi2_M80,1.0704707107771783,1.1653307310215342,1.1106693034545776,0.8605670537729764,1.2,0.28,1.16,0.7888144444444444,0.10680777777777777,0.1,0.017521377777777774,0.03504275555555555,0.9530936358993638,0.738474521322028,0.9185981990184012,0.7748184370417963,2.065360929055143,1.2097821244501556,1.2,1.0081517703751297,True,0.9982816145765562,23,True,True,True,True,none,0,6000,-2.221338606909155,0.020111241030405534,0.024453152028597176,0.8
0.125,Langevin,bin_chi2_M80,0.056820921122094664,0.056820921121437135,0.05395628279718055,0.045184837736329385,22.834899089843958,3.4318345452944676,22.438918180771516,0.7874127777777777,0.10225277777777776,0.1,0.017521377777777774,0.03504275555555555,0.9495847960976503,0.7952148054721038,1.0000000000115719,0.8374342225571271,2.0635824202001096,22.55456051176839,22.834899089843958,0.9877232398981675,True,0.9991558217087783,73,True,True,True,True,none,0,6000,-0.1079125655943611,0.0003722573846327276,0.01744805294853246,0.8
0.14,LSC-CP,bin_chi2_M80,1.0953743097698652,1.1956146407807289,1.1334809935882544,0.8614558604501227,1.2,0.28,1.16,0.7904988888888889,0.10835666666666666,0.1,0.018596488888888884,0.03719297777777777,0.9480320455494744,0.7205129738856304,0.9161600003949371,0.7600090917475526,2.0674940650802944,1.1920109100970633,1.2,0.9933424250808861,True,0.9976031382801567,23,True,True,True,True,none,0,6000,-2.2669619871765088,0.02424806998539086,0.029483100563330603,0.8
0.14,Langevin,bin_chi2_M80,0.07185538707777095,0.07185538707920933,0.06844418966295157,0.055783841778174,18.57898279157685,2.7137840032640344,17.74397232903407,0.7947155555555555,0.10062777777777777,0.1,0.018596488888888884,0.03719297777777777,0.9525269077947149,0.7763348587445648,0.9999999999799823,0.8150266962451812,2.072814072889481,17.856150967478985,18.57898279157685,0.9610941119755182,True,0.9988712292624551,73,True,True,True,True,none,0,6000,-0.13688837932590314,0.0005461167868815134,0.020241286480244803,0.8
0.16,LSC-CP,bin_chi2_M80,1.1285512606682453,1.2335733553024797,1.1903033854159095,0.8896278195437312,1.16,0.28,1.12,0.7876916666666667,0.10177333333333333,0.1,0.017484577777777774,0.03496915555555555,0.964923067038879,0.7211795032048086,0.9148635189121102,0.7473958575971639,2.063936541341456,1.14697919481271,1.16,0.9887751679419914,True,0.9989860418420309,22,True,True,True,True,none,0,6000,-2.380606770831819,0.016959106732566134,0.019246905099328103,0.8
0.16,Langevin,bin_chi2_M80,0.09255461920745653,0.09255461920490445,0.08741849371707794,0.07178839683708094,14.42391542927183,2.268930516964108,13.93771603277952,0.7932272222222222,0.10479333333333332,0.1,0.017484577777777774,0.03496915555555555,0.9445070863891109,0.7756327826075361,1.0000000000275737,0.8212037726183844,2.0709395295621214,14.113904283410657,14.42391542927183,0.9785071434049012,True,0.9986602618706419,73,True,True,True,True,none,0,6000,-0.17483698743415588,0.0007599853396030081,0.021868502002684736,0.8
0.18,LSC-CP,bin_chi2_M80,1.1608793124127503,1.268613541339637,1.2548336655301888,0.8865433008132488,1.16,0.28,1.08,0.782075,0.10148166666666666,0.1,0.01919746666666666,0.03839493333333332,0.9891378458762966,0.6988285020803674,0.9150771882719138,0.706502642673895,2.0567804578867372,1.0995430655017182,1.16,0.9478819530187227,True,0.9989662645420101,21,True,True,True,True,none,0,6000,-2.5096673310603776,0.018521179996739617,0.01955424982562719,0.8
0.18,Langevin,bin_chi2_M80,0.11361801212489601,0.11361801212445657,0.10792319934185186,0.08782897953688672,11.815908190062615,1.9803198083903826,11.48585488866422,0.7968994444444444,0.10198444444444443,0.1,0.01919746666666666,0.03839493333333332,0.9498775530734807,0.773019857456046,1.0000000000038678,0.8138100063053566,2.075558317269483,11.596224127048753,11.815908190062615,0.981407771668485,True,0.9993624980237652,73,True,True,True,True,none,0,6000,-0.21584639868370373,0.0006469859897738294,0.015165600389605011,0.8
0.2,LSC-CP,bin_chi2_M80,1.1921260610237694,1.3011734141338331,1.2731361225284408,0.9442515498152693,1.08,0.28,1.04,0.7687405555555555,0.10328222222222222,0.1,0.017823022222222217,0.035646044444444434,0.9784523021291084,0.7256923170720022,0.916193067022773,0.7416736773912214,2.0395833476009817,1.0810075715825191,1.08,1.0009329366504807,True,0.9980992322812058,20,True,True,True,True,none,0,6000,-2.5462722450568815,0.026190648177015666,0.02562939269140586,0.8
0.2,Langevin,bin_chi2_M80,0.1347790897322184,0.1347790897296068,0.12735323117269454,0.10129569057660871,10.238977001317856,1.6693984241279114,9.905097316492276,0.79592,0.10012277777777777,0.1,0.017823022222222217,0.035646044444444434,0.9449034818990839,0.7515682943090628,1.0000000000193767,0.7953916021121515,2.074328492293013,9.813394745195595,10.238977001317856,0.9584350803730212,True,0.9989234019549523,75,True,True,True,True,none,0,6000,-0.2547064623453891,0.0009786766652991321,0.020146584824303697,0.8
0.22,LSC-CP,bin_chi2_M80,1.2221401792749456,1.3314446069715749,1.2781796036708803,0.9098075970195916,1.12,0.28,1.08,0.7675005555555555,0.10122333333333333,0.1,0.01913386666666666,0.03826773333333332,0.959994578053196,0.6833236563171683,0.9179053885349037,0.7117994954751748,2.0379690173238854,1.0772154349321958,1.12,0.9617994954751747,True,0.9970907766804347,21,True,True,True,True,none,0,6000,-2.5563592073417607,0.03167862032667082,0.03344558263069407,0.8
0.22,Langevin,bin_chi2_M80,0.1558723898051948,0.15587238980362852,0.1482887653503762,0.11893594735114096,8.709047200150128,1.5397210519602433,8.372233220033824,0.793781111111111,0.10088277777777777,0.1,0.01913386666666666,0.03826773333333332,0.951347224079862,0.7630340915474453,1.0000000000100484,0.8020563599010317,2.0716375585513145,8.524867747518927,8.709047200150128,0.978851940011529,True,0.9990266321761732,72,True,True,True,True,none,0,6000,-0.2965775307007524,0.0011064688322294032,0.018514425965580034,0.8
0.26,LSC-CP,bin_chi2_M80,1.2782377256157744,1.3860898116556835,1.369990810930536,0.9425033969797516,1.06,0.28,1.0,0.7375083333333333,0.10410222222222221,0.1,0.019649911111111105,0.03929982222222221,0.9883853119835596,0.6799728192604864,0.9221896841510726,0.687963298337437,1.9981072015970736,1.0092410962376834,1.06,0.9521142417336635,True,0.9986102378918692,19,True,True,True,True,none,0,6000,-2.739981621861072,0.024791078200982752,0.02239445484104647,0.8
0.26,Langevin,bin_chi2_M80,0.19748376420539943,0.197483764208635,0.18620453491818695,0.14677678867238347,6.987916224670935,1.2912453893413685,6.760049391257753,0.7778222222222222,0.10313944444444444,0.1,0.019649911111111105,0.03929982222222221,0.9428852830730331,0.7432347122840878,0.999999999983616,0.7882557142707243,2.0513278059376914,6.79951028428334,6.987916224670935,0.9730383229663765,True,0.9984812153257396,73,True,True,True,True,none,0,6000,-0.3724090698363739,0.0017237299545887728,0.02324608120569821,0.8
0.3,LSC-CP,bin_chi2_M80,1.3297103781610566,1.4346019870150897,1.401867123339715,0.9867545516230469,1.0,0.28,0.96,0.7195883333333333,0.10370499999999999,0.1,0.01898391111111111,0.03796782222222222,0.9771819194650047,0.6878246095811854,0.9268845228129956,0.7038859355459228,1.9735091032460939,0.9838859355459229,1.0,0.9838859355459229,True,0.9982241605738846,18,True,True,True,True,none,0,6000,-2.80373424667943,0.02956410005369632,0.02454117114819722,0.8
0.3,Langevin,bin_chi2_M80,0.2380238020120756,0.23802380201178158,0.2252528639480678,0.1796654506501573,5.766230050942824,1.0713214302298144,5.608682781791381,0.7940566666666666,0.10130333333333333,0.1,0.01898391111111111,0.03796782222222222,0.9463459622282578,0.7548213629545515,1.0000000000012352,0.7976167206095071,2.071984641310244,5.670562933742821,5.766230050942824,0.9834090703362831,True,0.9990657935824855,73,True,True,True,True,none,0,6000,-0.4505057278961356,0.0016349162900833455,0.01829308917893495,0.8
0.35,LSC-CP,bin_chi2_M80,1.3881487006643618,1.4884726115848457,1.453412229644364,1.0309314697027714,1.0,0.24,0.96,0.78606,0.10192833333333333,0.1,0.017686222222222218,0.035372444444444436,0.976445396665276,0.6926103051403082,0.9325994243094172,0.7093180094920699,2.0618629394055428,0.9493180094920699,1.0,0.9493180094920699,True,0.99761197940346,19,True,True,True,True,none,0,6000,-2.906824459288728,0.03449312573695775,0.031158578113485075,0.8
0.35,Langevin,bin_chi2_M80,0.2869950767242191,0.2869950767259976,0.2724358972108101,0.21271195374053853,4.834577707175388,0.9407826889638594,4.703913444819297,0.7820472222222221,0.10382333333333332,0.1,0.017686222222222218,0.035372444444444436,0.949270281283997,0.7411693474575548,0.999999999993803,0.7807779955515285,2.05674493920746,4.715514580510363,4.834577707175388,0.9753725901461231,True,0.9991382425452899,73,True,True,True,True,none,0,6000,-0.5448717944216201,0.0018990871102033753,0.017623102122263756,0.8
0.4,LSC-CP,bin_chi2_M80,1.4413699858609001,1.5367906473218451,1.5255646591124803,1.1010533720689435,0.92,0.24,0.88,0.7583222222222222,0.10469166666666666,0.1,0.01881497777777777,0.03762995555555554,0.9926951740440845,0.716462827248293,0.9379091344502689,0.7217349756315786,2.025938204606856,0.9039961775810523,0.92,0.9826045408489699,True,0.9986237768081437,17,True,True,True,True,none,0,6000,-3.0511293182249606,0.02924546092827291,0.022195744261153106,0.8
0.4,Langevin,bin_chi2_M80,0.3340693486723802,0.33406934867506377,0.3181254539917641,0.25108558517006985,4.108428401032393,0.8082154231539134,3.996176258927683,0.78706,0.10287388888888888,0.1,0.01881497777777777,0.03762995555555554,0.9522736978219224,0.7515971943127623,0.999999999991967,0.7892659390171594,2.0631342984051058,4.0508580229795115,4.108428401032393,0.9859872504925692,True,0.99908708395203,72,True,True,True,True,none,0,6000,-0.6362509079835282,0.0022987574175607137,0.01794720294244625,0.8
