method,metric,seed,r_obs_seed,n_fit,t_min,t_max
Langevin,mode_TV,0,0.006050198648172036,171,1.0584,3.5574
Langevin,mode_TV,1,0.007749382999995674,171,1.0584,3.5574
Langevin,mode_TV,2,0.00613345147807959,171,1.0584,3.5574
Langevin,mode_TV,3,0.007539771972207929,171,1.0584,3.5574
Langevin,middle_error,0,0.0111646496599994,171,1.0584,3.5574
Langevin,middle_error,1,0.014318126948610675,171,1.0584,3.5574
Langevin,middle_error,2,0.011325141846595999,171,1.0584,3.5574
Langevin,middle_error,3,0.013929284036125771,171,1.0584,3.5574
Langevin,W1,0,0.0032941044868345154,171,1.0584,3.5574
Langevin,W1,1,0.0023844763179864353,171,1.0584,3.5574
Langevin,W1,2,0.002112023366029292,171,1.0584,3.5574
Langevin,W1,3,0.001475028789429131,171,1.0584,3.5574
Langevin,CDF_sup,0,0.00951886370874848,171,1.0584,3.5574
Langevin,CDF_sup,1,0.012272126379879105,171,1.0584,3.5574
Langevin,CDF_sup,2,0.009878693400697166,171,1.0584,3.5574
Langevin,CDF_sup,3,0.012557743485560068,171,1.0584,3.5574
Kinetic-Langevin,mode_TV,0,0.0958937958533523,171,1.0584,3.5574
Kinetic-Langevin,mode_TV,1,0.09944936579114498,171,1.0584,3.5574
Kinetic-Langevin,mode_TV,2,0.08582998544366283,171,1.0584,3.5574
Kinetic-Langevin,mode_TV,3,0.0772650120558742,171,1.0584,3.5574
Kinetic-Langevin,middle_error,0,0.15122143529881732,171,1.0584,3.5574
Kinetic-Langevin,middle_error,1,0.1649305019827181,171,1.0584,3.5574
Kinetic-Langevin,middle_error,2,0.1271445791368302,171,1.0584,3.5574
Kinetic-Langevin,middle_error,3,0.12844781254006968,171,1.0584,3.5574
Kinetic-Langevin,W1,0,0.07769407834703032,171,1.0584,3.5574
Kinetic-Langevin,W1,1,0.07805363805411744,171,1.0584,3.5574
Kinetic-Langevin,W1,2,0.07365301831965447,171,1.0584,3.5574
Kinetic-Langevin,W1,3,0.05665896954072382,171,1.0584,3.5574
Kinetic-Langevin,CDF_sup,0,0.09572123877674787,171,1.0584,3.5574
Kinetic-Langevin,CDF_sup,1,0.09968961185088605,171,1.0584,3.5574
Kinetic-Langevin,CDF_sup,2,0.08523660298703754,171,1.0584,3.5574
Kinetic-Langevin,CDF_sup,3,0.07668150436901028,171,1.0584,3.5574
LSC-adjacent,mode_TV,0,0.5488512015221728,171,1.0584,3.5574
LSC-adjacent,mode_TV,1,0.6111626891153045,171,1.0584,3.5574
LSC-adjacent,mode_TV,2,0.8095557265663725,171,1.0584,3.5574
LSC-adjacent,mode_TV,3,0.6950086386466167,171,1.0584,3.5574
LSC-adjacent,middle_error,0,-0.1140691163943656,171,1.0584,3.5574
LSC-adjacent,middle_error,1,-0.1750105991414358,171,1.0584,3.5574
LSC-adjacent,middle_error,2,-0.1887586161951859,171,1.0584,3.5574
LSC-adjacent,middle_error,3,0.32056245464039995,171,1.0584,3.5574
LSC-adjacent,W1,0,0.5735728917285934,171,1.0584,3.5574
LSC-adjacent,W1,1,0.6613835948763421,171,1.0584,3.5574
LSC-adjacent,W1,2,0.9251914241000345,171,1.0584,3.5574
LSC-adjacent,W1,3,0.7015121029486876,171,1.0584,3.5574
LSC-adjacent,CDF_sup,0,0.6113619344234252,171,1.0584,3.5574
LSC-adjacent,CDF_sup,1,0.6394431746580113,171,1.0584,3.5574
LSC-adjacent,CDF_sup,2,0.8709227393153565,171,1.0584,3.5574
LSC-adjacent,CDF_sup,3,0.6979133448665379,171,1.0584,3.5574
LSC-overlong,mode_TV,0,0.627588016008671,171,1.0584,3.5574
LSC-overlong,mode_TV,1,-0.06273609041580222,171,1.0584,3.5574
LSC-overlong,mode_TV,2,0.16003232691863475,171,1.0584,3.5574
LSC-overlong,mode_TV,3,0.4312705229205204,171,1.0584,3.5574
LSC-overlong,middle_error,0,1.1953605206815765,171,1.0584,3.5574
LSC-overlong,middle_error,1,0.7160969367304478,171,1.0584,3.5574
LSC-overlong,middle_error,2,-0.043342453030187265,171,1.0584,3.5574
LSC-overlong,middle_error,3,0.5194118854997906,171,1.0584,3.5574
LSC-overlong,W1,0,0.4788784005669069,171,1.0584,3.5574
LSC-overlong,W1,1,0.14231526042541345,171,1.0584,3.5574
LSC-overlong,W1,2,0.42964548221558524,171,1.0584,3.5574
LSC-overlong,W1,3,0.5847245989857206,171,1.0584,3.5574
LSC-overlong,CDF_sup,0,0.8839320013664663,171,1.0584,3.5574
LSC-overlong,CDF_sup,1,0.6570399969045015,171,1.0584,3.5574
LSC-overlong,CDF_sup,2,0.7638742100922613,171,1.0584,3.5574
LSC-overlong,CDF_sup,3,1.0288856491753062,171,1.0584,3.5574
CP-overlong,mode_TV,0,0.1459058969348019,171,1.0584,3.5574
CP-overlong,mode_TV,1,0.1370181328657896,171,1.0584,3.5574
CP-overlong,mode_TV,2,0.1383699668493275,171,1.0584,3.5574
CP-overlong,mode_TV,3,0.11436486951919768,171,1.0584,3.5574
CP-overlong,middle_error,0,0.09841699866278898,171,1.0584,3.5574
CP-overlong,middle_error,1,0.10956316177734425,171,1.0584,3.5574
CP-overlong,middle_error,2,0.1057792856746751,171,1.0584,3.5574
CP-overlong,middle_error,3,0.1044936715666243,171,1.0584,3.5574
CP-overlong,W1,0,-0.04643236557923154,171,1.0584,3.5574
CP-overlong,W1,1,-0.0498760065956833,171,1.0584,3.5574
CP-overlong,W1,2,-0.047652702027797554,171,1.0584,3.5574
CP-overlong,W1,3,-0.04557476098011367,171,1.0584,3.5574
CP-overlong,CDF_sup,0,0.04569476031944354,171,1.0584,3.5574
CP-overlong,CDF_sup,1,0.03933624878337408,171,1.0584,3.5574
CP-overlong,CDF_sup,2,0.04837333064565803,171,1.0584,3.5574
CP-overlong,CDF_sup,3,0.04811975334477195,171,1.0584,3.5574
